#
# TABLE STRUCTURE FOR: users
#

CREATE TABLE if not exists `users` (
  `id` bigint(20) unsigned NOT NULL AUTO_INCREMENT,
  `firstname` varchar(50) COLLATE utf8_unicode_ci DEFAULT NULL,
  `lastname` varchar(50) COLLATE utf8_unicode_ci DEFAULT NULL COMMENT '‘амиль',
  `email` varchar(120) COLLATE utf8_unicode_ci DEFAULT NULL,
  `phone` bigint(20) DEFAULT NULL,
  PRIMARY KEY (`id`),
  UNIQUE KEY `email` (`email`),
  KEY `users_phone_idx` (`phone`),
  KEY `users_firstname_lastname_idx` (`firstname`,`lastname`)
) ENGINE=InnoDB AUTO_INCREMENT=101 DEFAULT CHARSET=utf8 COLLATE=utf8_unicode_ci;

INSERT INTO `users` (`id`, `firstname`, `lastname`, `email`, `phone`) VALUES ('1', 'Ricardo', 'Von', 'mathilde01@example.org', '1');
INSERT INTO `users` (`id`, `firstname`, `lastname`, `email`, `phone`) VALUES ('2', 'Sam', 'Hettinger', 'mitchell37@example.net', '577');
INSERT INTO `users` (`id`, `firstname`, `lastname`, `email`, `phone`) VALUES ('3', 'Joshua', 'Frami', 'jerde.kiara@example.net', '91');
INSERT INTO `users` (`id`, `firstname`, `lastname`, `email`, `phone`) VALUES ('4', 'Blaze', 'Lang', 'juanita.durgan@example.org', '1');
INSERT INTO `users` (`id`, `firstname`, `lastname`, `email`, `phone`) VALUES ('5', 'Anthony', 'Dickinson', 'aaron.walker@example.com', '1');
INSERT INTO `users` (`id`, `firstname`, `lastname`, `email`, `phone`) VALUES ('6', 'Devonte', 'Kutch', 'elouise96@example.org', '457');
INSERT INTO `users` (`id`, `firstname`, `lastname`, `email`, `phone`) VALUES ('7', 'Isom', 'Durgan', 'dan78@example.com', '22');
INSERT INTO `users` (`id`, `firstname`, `lastname`, `email`, `phone`) VALUES ('8', 'Orion', 'Heaney', 'tschmeler@example.com', '3233587364');
INSERT INTO `users` (`id`, `firstname`, `lastname`, `email`, `phone`) VALUES ('9', 'Easter', 'Runolfsson', 'amparo.abshire@example.com', '0');
INSERT INTO `users` (`id`, `firstname`, `lastname`, `email`, `phone`) VALUES ('10', 'Annette', 'Herman', 'plangworth@example.net', '956914');
INSERT INTO `users` (`id`, `firstname`, `lastname`, `email`, `phone`) VALUES ('11', 'Allie', 'Roob', 'aheller@example.org', '1475851216');
INSERT INTO `users` (`id`, `firstname`, `lastname`, `email`, `phone`) VALUES ('12', 'Crystal', 'Herman', 'chickle@example.net', '60');
INSERT INTO `users` (`id`, `firstname`, `lastname`, `email`, `phone`) VALUES ('13', 'Justyn', 'Weber', 'aiyana.donnelly@example.net', '0');
INSERT INTO `users` (`id`, `firstname`, `lastname`, `email`, `phone`) VALUES ('14', 'Adell', 'King', 'zdurgan@example.com', '423');
INSERT INTO `users` (`id`, `firstname`, `lastname`, `email`, `phone`) VALUES ('15', 'Elissa', 'Ledner', 'turner.madisyn@example.net', '0');
INSERT INTO `users` (`id`, `firstname`, `lastname`, `email`, `phone`) VALUES ('16', 'Elta', 'Skiles', 'noemy24@example.com', '219343');
INSERT INTO `users` (`id`, `firstname`, `lastname`, `email`, `phone`) VALUES ('17', 'Candace', 'Mante', 'stoltenberg.evie@example.net', '0');
INSERT INTO `users` (`id`, `firstname`, `lastname`, `email`, `phone`) VALUES ('18', 'Kayli', 'Sauer', 'elliott.stoltenberg@example.net', '1');
INSERT INTO `users` (`id`, `firstname`, `lastname`, `email`, `phone`) VALUES ('19', 'Kellie', 'Fritsch', 'nichole.hilpert@example.org', '51');
INSERT INTO `users` (`id`, `firstname`, `lastname`, `email`, `phone`) VALUES ('20', 'Tremaine', 'Jenkins', 'stanford.satterfield@example.com', '32272');
INSERT INTO `users` (`id`, `firstname`, `lastname`, `email`, `phone`) VALUES ('21', 'Jaden', 'Collins', 'qschowalter@example.org', '114');
INSERT INTO `users` (`id`, `firstname`, `lastname`, `email`, `phone`) VALUES ('22', 'Madge', 'Bailey', 'fwillms@example.com', '8611676154');
INSERT INTO `users` (`id`, `firstname`, `lastname`, `email`, `phone`) VALUES ('23', 'Dedrick', 'Hartmann', 'nellie.pfannerstill@example.net', '179');
INSERT INTO `users` (`id`, `firstname`, `lastname`, `email`, `phone`) VALUES ('24', 'Cory', 'Kshlerin', 'jarvis.monahan@example.net', '306301');
INSERT INTO `users` (`id`, `firstname`, `lastname`, `email`, `phone`) VALUES ('25', 'Genesis', 'Schuster', 'koch.bulah@example.net', '231485');
INSERT INTO `users` (`id`, `firstname`, `lastname`, `email`, `phone`) VALUES ('26', 'Wava', 'Brakus', 'caleigh.yundt@example.org', '199');
INSERT INTO `users` (`id`, `firstname`, `lastname`, `email`, `phone`) VALUES ('27', 'Candido', 'Bayer', 'addison94@example.org', '0');
INSERT INTO `users` (`id`, `firstname`, `lastname`, `email`, `phone`) VALUES ('28', 'Mina', 'Sauer', 'sporer.idella@example.net', '0');
INSERT INTO `users` (`id`, `firstname`, `lastname`, `email`, `phone`) VALUES ('29', 'Elvera', 'Luettgen', 'aidan31@example.net', '575610');
INSERT INTO `users` (`id`, `firstname`, `lastname`, `email`, `phone`) VALUES ('30', 'Braeden', 'Gerhold', 'connelly.armand@example.org', '2321024500');
INSERT INTO `users` (`id`, `firstname`, `lastname`, `email`, `phone`) VALUES ('31', 'Mireille', 'O\'Kon', 'lorenz58@example.net', '3264326591');
INSERT INTO `users` (`id`, `firstname`, `lastname`, `email`, `phone`) VALUES ('32', 'Rolando', 'Bashirian', 'herzog.lottie@example.org', '1');
INSERT INTO `users` (`id`, `firstname`, `lastname`, `email`, `phone`) VALUES ('33', 'Lilla', 'Roberts', 'blanda.annabel@example.com', '984');
INSERT INTO `users` (`id`, `firstname`, `lastname`, `email`, `phone`) VALUES ('34', 'Zella', 'Denesik', 'keeling.jameson@example.org', '421708');
INSERT INTO `users` (`id`, `firstname`, `lastname`, `email`, `phone`) VALUES ('35', 'Cordia', 'Lockman', 'runolfsdottir.willis@example.com', '1');
INSERT INTO `users` (`id`, `firstname`, `lastname`, `email`, `phone`) VALUES ('36', 'Suzanne', 'Gutmann', 'jaiden.gibson@example.com', '1');
INSERT INTO `users` (`id`, `firstname`, `lastname`, `email`, `phone`) VALUES ('37', 'Edward', 'Hermiston', 'emely.connelly@example.org', '214974');
INSERT INTO `users` (`id`, `firstname`, `lastname`, `email`, `phone`) VALUES ('38', 'Chadrick', 'Grady', 'demetris67@example.com', '1');
INSERT INTO `users` (`id`, `firstname`, `lastname`, `email`, `phone`) VALUES ('39', 'Leland', 'Johnston', 'd\'amore.emilie@example.com', '9486958478');
INSERT INTO `users` (`id`, `firstname`, `lastname`, `email`, `phone`) VALUES ('40', 'Lottie', 'Wolff', 'auer.enrico@example.com', '1');
INSERT INTO `users` (`id`, `firstname`, `lastname`, `email`, `phone`) VALUES ('41', 'Carol', 'Toy', 'judge.hane@example.org', '389785');
INSERT INTO `users` (`id`, `firstname`, `lastname`, `email`, `phone`) VALUES ('42', 'Jedidiah', 'Crooks', 'colt.douglas@example.org', '5378487747');
INSERT INTO `users` (`id`, `firstname`, `lastname`, `email`, `phone`) VALUES ('43', 'Elmer', 'Murazik', 'abednar@example.com', '15');
INSERT INTO `users` (`id`, `firstname`, `lastname`, `email`, `phone`) VALUES ('44', 'Jerald', 'Kuvalis', 'alec.langworth@example.net', '1');
INSERT INTO `users` (`id`, `firstname`, `lastname`, `email`, `phone`) VALUES ('45', 'Marvin', 'DuBuque', 'ucarter@example.com', '2977230047');
INSERT INTO `users` (`id`, `firstname`, `lastname`, `email`, `phone`) VALUES ('46', 'Ellsworth', 'Carroll', 'golda36@example.com', '1');
INSERT INTO `users` (`id`, `firstname`, `lastname`, `email`, `phone`) VALUES ('47', 'Wiley', 'Cummerata', 'sylvia64@example.org', '227959');
INSERT INTO `users` (`id`, `firstname`, `lastname`, `email`, `phone`) VALUES ('48', 'Ronny', 'Ritchie', 'eo\'hara@example.net', '59');
INSERT INTO `users` (`id`, `firstname`, `lastname`, `email`, `phone`) VALUES ('49', 'Margarett', 'Daugherty', 'gfadel@example.net', '1');
INSERT INTO `users` (`id`, `firstname`, `lastname`, `email`, `phone`) VALUES ('50', 'Will', 'Stokes', 'kiehn.scot@example.net', '30');
INSERT INTO `users` (`id`, `firstname`, `lastname`, `email`, `phone`) VALUES ('51', 'Lourdes', 'Jacobs', 'stewart00@example.org', '862');
INSERT INTO `users` (`id`, `firstname`, `lastname`, `email`, `phone`) VALUES ('52', 'Korey', 'Welch', 'johnnie.towne@example.org', '0');
INSERT INTO `users` (`id`, `firstname`, `lastname`, `email`, `phone`) VALUES ('53', 'Stuart', 'Erdman', 'oshields@example.org', '962733');
INSERT INTO `users` (`id`, `firstname`, `lastname`, `email`, `phone`) VALUES ('54', 'Estella', 'Jenkins', 'qtrantow@example.org', '0');
INSERT INTO `users` (`id`, `firstname`, `lastname`, `email`, `phone`) VALUES ('55', 'Solon', 'Howe', 'ohowe@example.org', '783255');
INSERT INTO `users` (`id`, `firstname`, `lastname`, `email`, `phone`) VALUES ('56', 'King', 'Grady', 'valentin89@example.org', '285277');
INSERT INTO `users` (`id`, `firstname`, `lastname`, `email`, `phone`) VALUES ('57', 'Kayla', 'Jones', 'deckow.columbus@example.org', '1');
INSERT INTO `users` (`id`, `firstname`, `lastname`, `email`, `phone`) VALUES ('58', 'Adrien', 'Nitzsche', 'pollich.scarlett@example.org', '980284');
INSERT INTO `users` (`id`, `firstname`, `lastname`, `email`, `phone`) VALUES ('59', 'Andrew', 'Kovacek', 'borer.andreanne@example.com', '0');
INSERT INTO `users` (`id`, `firstname`, `lastname`, `email`, `phone`) VALUES ('60', 'Rashad', 'Volkman', 'mweimann@example.org', '976412');
INSERT INTO `users` (`id`, `firstname`, `lastname`, `email`, `phone`) VALUES ('61', 'Alysson', 'Thiel', 'bednar.lucy@example.net', '1');
INSERT INTO `users` (`id`, `firstname`, `lastname`, `email`, `phone`) VALUES ('62', 'Sonia', 'Gottlieb', 'morar.keanu@example.com', '1');
INSERT INTO `users` (`id`, `firstname`, `lastname`, `email`, `phone`) VALUES ('63', 'Jaquelin', 'Walter', 'carroll.koepp@example.org', '0');
INSERT INTO `users` (`id`, `firstname`, `lastname`, `email`, `phone`) VALUES ('64', 'Arvilla', 'Mayert', 'shanon82@example.com', '429');
INSERT INTO `users` (`id`, `firstname`, `lastname`, `email`, `phone`) VALUES ('65', 'Helmer', 'Feeney', 'lavonne88@example.org', '1');
INSERT INTO `users` (`id`, `firstname`, `lastname`, `email`, `phone`) VALUES ('66', 'Trevor', 'Schaefer', 'cyrus.shields@example.com', '0');
INSERT INTO `users` (`id`, `firstname`, `lastname`, `email`, `phone`) VALUES ('67', 'Marjorie', 'Homenick', 'peggie.lind@example.org', '27');
INSERT INTO `users` (`id`, `firstname`, `lastname`, `email`, `phone`) VALUES ('68', 'Marielle', 'Beahan', 'alvera.champlin@example.org', '0');
INSERT INTO `users` (`id`, `firstname`, `lastname`, `email`, `phone`) VALUES ('69', 'Everardo', 'Weissnat', 'pwatsica@example.org', '0');
INSERT INTO `users` (`id`, `firstname`, `lastname`, `email`, `phone`) VALUES ('70', 'Nina', 'Kuvalis', 'yfadel@example.com', '1');
INSERT INTO `users` (`id`, `firstname`, `lastname`, `email`, `phone`) VALUES ('71', 'Rose', 'Zboncak', 'hammes.kathryn@example.com', '989');
INSERT INTO `users` (`id`, `firstname`, `lastname`, `email`, `phone`) VALUES ('72', 'Anna', 'Lesch', 'roosevelt.eichmann@example.org', '0');
INSERT INTO `users` (`id`, `firstname`, `lastname`, `email`, `phone`) VALUES ('73', 'Darrell', 'Koepp', 'casey11@example.org', '619');
INSERT INTO `users` (`id`, `firstname`, `lastname`, `email`, `phone`) VALUES ('74', 'Cathryn', 'Dibbert', 'ruecker.lucas@example.net', '205462');
INSERT INTO `users` (`id`, `firstname`, `lastname`, `email`, `phone`) VALUES ('75', 'Alfonzo', 'Torp', 'reginald.mayert@example.org', '0');
INSERT INTO `users` (`id`, `firstname`, `lastname`, `email`, `phone`) VALUES ('76', 'Ressie', 'Lindgren', 'so\'keefe@example.com', '21');
INSERT INTO `users` (`id`, `firstname`, `lastname`, `email`, `phone`) VALUES ('77', 'Noe', 'Johns', 'ywunsch@example.net', '524683');
INSERT INTO `users` (`id`, `firstname`, `lastname`, `email`, `phone`) VALUES ('78', 'Cory', 'Schumm', 'kunze.agnes@example.com', '17');
INSERT INTO `users` (`id`, `firstname`, `lastname`, `email`, `phone`) VALUES ('79', 'Daphney', 'Dach', 'effertz.heath@example.com', '76954');
INSERT INTO `users` (`id`, `firstname`, `lastname`, `email`, `phone`) VALUES ('80', 'Tyrell', 'Quigley', 'marlin18@example.com', '442985');
INSERT INTO `users` (`id`, `firstname`, `lastname`, `email`, `phone`) VALUES ('81', 'Jesse', 'McLaughlin', 'renner.wilson@example.org', '976870');
INSERT INTO `users` (`id`, `firstname`, `lastname`, `email`, `phone`) VALUES ('82', 'Jaime', 'Runolfsson', 'diego62@example.com', '551024');
INSERT INTO `users` (`id`, `firstname`, `lastname`, `email`, `phone`) VALUES ('83', 'Barton', 'Greenholt', 'oscar46@example.org', '550');
INSERT INTO `users` (`id`, `firstname`, `lastname`, `email`, `phone`) VALUES ('84', 'Rosetta', 'Collins', 'osborne53@example.net', '1');
INSERT INTO `users` (`id`, `firstname`, `lastname`, `email`, `phone`) VALUES ('85', 'Jamarcus', 'Koelpin', 'syble83@example.org', '0');
INSERT INTO `users` (`id`, `firstname`, `lastname`, `email`, `phone`) VALUES ('86', 'Queen', 'Rice', 'stuart.feil@example.org', '0');
INSERT INTO `users` (`id`, `firstname`, `lastname`, `email`, `phone`) VALUES ('87', 'Ara', 'Ankunding', 'stiedemann.braulio@example.net', '863911');
INSERT INTO `users` (`id`, `firstname`, `lastname`, `email`, `phone`) VALUES ('88', 'Lorenz', 'Goldner', 'pbergnaum@example.net', '368988');
INSERT INTO `users` (`id`, `firstname`, `lastname`, `email`, `phone`) VALUES ('89', 'Denis', 'Collins', 'yd\'amore@example.org', '0');
INSERT INTO `users` (`id`, `firstname`, `lastname`, `email`, `phone`) VALUES ('90', 'Shaun', 'Ondricka', 'sylvester63@example.net', '0');
INSERT INTO `users` (`id`, `firstname`, `lastname`, `email`, `phone`) VALUES ('91', 'Lela', 'Quigley', 'sparisian@example.org', '908');
INSERT INTO `users` (`id`, `firstname`, `lastname`, `email`, `phone`) VALUES ('92', 'Tony', 'Thiel', 'minnie.kuvalis@example.com', '283');
INSERT INTO `users` (`id`, `firstname`, `lastname`, `email`, `phone`) VALUES ('93', 'Dorthy', 'Strosin', 'fletcher.dietrich@example.com', '9');
INSERT INTO `users` (`id`, `firstname`, `lastname`, `email`, `phone`) VALUES ('94', 'Morton', 'Bechtelar', 'murazik.stacy@example.net', '1');
INSERT INTO `users` (`id`, `firstname`, `lastname`, `email`, `phone`) VALUES ('95', 'Elissa', 'Tillman', 'cronin.cristal@example.com', '771');
INSERT INTO `users` (`id`, `firstname`, `lastname`, `email`, `phone`) VALUES ('96', 'Gillian', 'Pagac', 'lesch.jaclyn@example.com', '587');
INSERT INTO `users` (`id`, `firstname`, `lastname`, `email`, `phone`) VALUES ('97', 'Karli', 'Heller', 'khartmann@example.com', '745');
INSERT INTO `users` (`id`, `firstname`, `lastname`, `email`, `phone`) VALUES ('98', 'Jaeden', 'Huels', 'tomasa00@example.net', '961');
INSERT INTO `users` (`id`, `firstname`, `lastname`, `email`, `phone`) VALUES ('99', 'Joe', 'Sawayn', 'triston52@example.com', '817');
INSERT INTO `users` (`id`, `firstname`, `lastname`, `email`, `phone`) VALUES ('100', 'Darius', 'Rutherford', 'brown.angelina@example.net', '6133832383');


#
# TABLE STRUCTURE FOR: communities
#

CREATE TABLE if not exists `communities` (
  `id` bigint(20) unsigned NOT NULL AUTO_INCREMENT,
  `name` varchar(150) COLLATE utf8_unicode_ci DEFAULT NULL,
  PRIMARY KEY (`id`),
  KEY `communities_name_idx` (`name`)
) ENGINE=InnoDB AUTO_INCREMENT=101 DEFAULT CHARSET=utf8 COLLATE=utf8_unicode_ci;

INSERT INTO `communities` (`id`, `name`) VALUES ('21', 'adipisci');
INSERT INTO `communities` (`id`, `name`) VALUES ('51', 'animi');
INSERT INTO `communities` (`id`, `name`) VALUES ('84', 'aperiam');
INSERT INTO `communities` (`id`, `name`) VALUES ('24', 'asperiores');
INSERT INTO `communities` (`id`, `name`) VALUES ('48', 'asperiores');
INSERT INTO `communities` (`id`, `name`) VALUES ('9', 'aspernatur');
INSERT INTO `communities` (`id`, `name`) VALUES ('12', 'aut');
INSERT INTO `communities` (`id`, `name`) VALUES ('17', 'aut');
INSERT INTO `communities` (`id`, `name`) VALUES ('38', 'aut');
INSERT INTO `communities` (`id`, `name`) VALUES ('99', 'aut');
INSERT INTO `communities` (`id`, `name`) VALUES ('76', 'autem');
INSERT INTO `communities` (`id`, `name`) VALUES ('59', 'blanditiis');
INSERT INTO `communities` (`id`, `name`) VALUES ('77', 'consequatur');
INSERT INTO `communities` (`id`, `name`) VALUES ('80', 'corrupti');
INSERT INTO `communities` (`id`, `name`) VALUES ('75', 'cum');
INSERT INTO `communities` (`id`, `name`) VALUES ('20', 'deleniti');
INSERT INTO `communities` (`id`, `name`) VALUES ('10', 'dicta');
INSERT INTO `communities` (`id`, `name`) VALUES ('86', 'distinctio');
INSERT INTO `communities` (`id`, `name`) VALUES ('87', 'doloremque');
INSERT INTO `communities` (`id`, `name`) VALUES ('16', 'dolores');
INSERT INTO `communities` (`id`, `name`) VALUES ('34', 'dolores');
INSERT INTO `communities` (`id`, `name`) VALUES ('95', 'dolores');
INSERT INTO `communities` (`id`, `name`) VALUES ('66', 'dolorum');
INSERT INTO `communities` (`id`, `name`) VALUES ('19', 'eaque');
INSERT INTO `communities` (`id`, `name`) VALUES ('78', 'enim');
INSERT INTO `communities` (`id`, `name`) VALUES ('83', 'enim');
INSERT INTO `communities` (`id`, `name`) VALUES ('53', 'eos');
INSERT INTO `communities` (`id`, `name`) VALUES ('98', 'eos');
INSERT INTO `communities` (`id`, `name`) VALUES ('36', 'error');
INSERT INTO `communities` (`id`, `name`) VALUES ('37', 'error');
INSERT INTO `communities` (`id`, `name`) VALUES ('70', 'est');
INSERT INTO `communities` (`id`, `name`) VALUES ('72', 'est');
INSERT INTO `communities` (`id`, `name`) VALUES ('6', 'et');
INSERT INTO `communities` (`id`, `name`) VALUES ('14', 'et');
INSERT INTO `communities` (`id`, `name`) VALUES ('18', 'et');
INSERT INTO `communities` (`id`, `name`) VALUES ('23', 'et');
INSERT INTO `communities` (`id`, `name`) VALUES ('42', 'et');
INSERT INTO `communities` (`id`, `name`) VALUES ('47', 'et');
INSERT INTO `communities` (`id`, `name`) VALUES ('96', 'et');
INSERT INTO `communities` (`id`, `name`) VALUES ('97', 'et');
INSERT INTO `communities` (`id`, `name`) VALUES ('32', 'eum');
INSERT INTO `communities` (`id`, `name`) VALUES ('71', 'eveniet');
INSERT INTO `communities` (`id`, `name`) VALUES ('33', 'expedita');
INSERT INTO `communities` (`id`, `name`) VALUES ('46', 'explicabo');
INSERT INTO `communities` (`id`, `name`) VALUES ('50', 'facilis');
INSERT INTO `communities` (`id`, `name`) VALUES ('65', 'facilis');
INSERT INTO `communities` (`id`, `name`) VALUES ('7', 'fugiat');
INSERT INTO `communities` (`id`, `name`) VALUES ('100', 'fugit');
INSERT INTO `communities` (`id`, `name`) VALUES ('29', 'harum');
INSERT INTO `communities` (`id`, `name`) VALUES ('62', 'hic');
INSERT INTO `communities` (`id`, `name`) VALUES ('5', 'id');
INSERT INTO `communities` (`id`, `name`) VALUES ('93', 'id');
INSERT INTO `communities` (`id`, `name`) VALUES ('1', 'iste');
INSERT INTO `communities` (`id`, `name`) VALUES ('39', 'itaque');
INSERT INTO `communities` (`id`, `name`) VALUES ('26', 'iure');
INSERT INTO `communities` (`id`, `name`) VALUES ('54', 'iusto');
INSERT INTO `communities` (`id`, `name`) VALUES ('27', 'laboriosam');
INSERT INTO `communities` (`id`, `name`) VALUES ('92', 'laboriosam');
INSERT INTO `communities` (`id`, `name`) VALUES ('56', 'maxime');
INSERT INTO `communities` (`id`, `name`) VALUES ('35', 'modi');
INSERT INTO `communities` (`id`, `name`) VALUES ('31', 'molestiae');
INSERT INTO `communities` (`id`, `name`) VALUES ('43', 'molestiae');
INSERT INTO `communities` (`id`, `name`) VALUES ('64', 'molestiae');
INSERT INTO `communities` (`id`, `name`) VALUES ('90', 'nam');
INSERT INTO `communities` (`id`, `name`) VALUES ('8', 'nemo');
INSERT INTO `communities` (`id`, `name`) VALUES ('61', 'nesciunt');
INSERT INTO `communities` (`id`, `name`) VALUES ('41', 'non');
INSERT INTO `communities` (`id`, `name`) VALUES ('22', 'nulla');
INSERT INTO `communities` (`id`, `name`) VALUES ('13', 'odit');
INSERT INTO `communities` (`id`, `name`) VALUES ('52', 'officiis');
INSERT INTO `communities` (`id`, `name`) VALUES ('3', 'pariatur');
INSERT INTO `communities` (`id`, `name`) VALUES ('63', 'placeat');
INSERT INTO `communities` (`id`, `name`) VALUES ('44', 'porro');
INSERT INTO `communities` (`id`, `name`) VALUES ('2', 'possimus');
INSERT INTO `communities` (`id`, `name`) VALUES ('67', 'quasi');
INSERT INTO `communities` (`id`, `name`) VALUES ('40', 'quia');
INSERT INTO `communities` (`id`, `name`) VALUES ('94', 'quia');
INSERT INTO `communities` (`id`, `name`) VALUES ('25', 'quidem');
INSERT INTO `communities` (`id`, `name`) VALUES ('91', 'quod');
INSERT INTO `communities` (`id`, `name`) VALUES ('45', 'repellat');
INSERT INTO `communities` (`id`, `name`) VALUES ('79', 'repudiandae');
INSERT INTO `communities` (`id`, `name`) VALUES ('60', 'rerum');
INSERT INTO `communities` (`id`, `name`) VALUES ('88', 'rerum');
INSERT INTO `communities` (`id`, `name`) VALUES ('57', 'sed');
INSERT INTO `communities` (`id`, `name`) VALUES ('28', 'sit');
INSERT INTO `communities` (`id`, `name`) VALUES ('49', 'sit');
INSERT INTO `communities` (`id`, `name`) VALUES ('68', 'sit');
INSERT INTO `communities` (`id`, `name`) VALUES ('74', 'tenetur');
INSERT INTO `communities` (`id`, `name`) VALUES ('55', 'totam');
INSERT INTO `communities` (`id`, `name`) VALUES ('11', 'ullam');
INSERT INTO `communities` (`id`, `name`) VALUES ('4', 'unde');
INSERT INTO `communities` (`id`, `name`) VALUES ('82', 'ut');
INSERT INTO `communities` (`id`, `name`) VALUES ('30', 'vel');
INSERT INTO `communities` (`id`, `name`) VALUES ('69', 'vel');
INSERT INTO `communities` (`id`, `name`) VALUES ('89', 'velit');
INSERT INTO `communities` (`id`, `name`) VALUES ('15', 'vero');
INSERT INTO `communities` (`id`, `name`) VALUES ('85', 'vero');
INSERT INTO `communities` (`id`, `name`) VALUES ('58', 'voluptas');
INSERT INTO `communities` (`id`, `name`) VALUES ('73', 'voluptatem');
INSERT INTO `communities` (`id`, `name`) VALUES ('81', 'voluptates');


#
# TABLE STRUCTURE FOR: friend_requests
#

CREATE TABLE if not exists `friend_requests` (
  `initiator_user_id` bigint(20) unsigned NOT NULL,
  `target_user_id` bigint(20) unsigned NOT NULL,
  `status` enum('requested','approved','unfriended','declined') COLLATE utf8_unicode_ci DEFAULT NULL,
  `requested_at` datetime DEFAULT current_timestamp(),
  `confirmed_at` datetime DEFAULT NULL,
  PRIMARY KEY (`initiator_user_id`,`target_user_id`),
  KEY `initiator_user_id` (`initiator_user_id`),
  KEY `target_user_id` (`target_user_id`),
  CONSTRAINT `friend_requests_ibfk_1` FOREIGN KEY (`initiator_user_id`) REFERENCES `users` (`id`),
  CONSTRAINT `friend_requests_ibfk_2` FOREIGN KEY (`target_user_id`) REFERENCES `users` (`id`)
) ENGINE=InnoDB DEFAULT CHARSET=utf8 COLLATE=utf8_unicode_ci;

INSERT INTO `friend_requests` (`initiator_user_id`, `target_user_id`, `status`, `requested_at`, `confirmed_at`) VALUES ('1', '1', 'unfriended', '2015-09-26 13:24:48', '1993-11-11 21:30:55');
INSERT INTO `friend_requests` (`initiator_user_id`, `target_user_id`, `status`, `requested_at`, `confirmed_at`) VALUES ('2', '2', 'approved', '2006-06-06 23:59:37', '2009-02-28 22:06:47');
INSERT INTO `friend_requests` (`initiator_user_id`, `target_user_id`, `status`, `requested_at`, `confirmed_at`) VALUES ('3', '3', 'requested', '2019-03-26 08:38:18', '1981-04-24 02:20:01');
INSERT INTO `friend_requests` (`initiator_user_id`, `target_user_id`, `status`, `requested_at`, `confirmed_at`) VALUES ('4', '4', 'approved', '1987-02-26 13:37:16', '1972-09-28 15:24:23');
INSERT INTO `friend_requests` (`initiator_user_id`, `target_user_id`, `status`, `requested_at`, `confirmed_at`) VALUES ('5', '5', 'requested', '2018-10-14 05:38:28', '1985-01-29 03:07:58');
INSERT INTO `friend_requests` (`initiator_user_id`, `target_user_id`, `status`, `requested_at`, `confirmed_at`) VALUES ('6', '6', 'approved', '1997-09-03 16:50:49', '2000-12-13 21:58:38');
INSERT INTO `friend_requests` (`initiator_user_id`, `target_user_id`, `status`, `requested_at`, `confirmed_at`) VALUES ('7', '7', 'approved', '1988-04-23 04:44:29', '1970-12-01 02:04:42');
INSERT INTO `friend_requests` (`initiator_user_id`, `target_user_id`, `status`, `requested_at`, `confirmed_at`) VALUES ('8', '8', 'approved', '2018-08-25 02:51:15', '2003-09-06 14:00:45');
INSERT INTO `friend_requests` (`initiator_user_id`, `target_user_id`, `status`, `requested_at`, `confirmed_at`) VALUES ('9', '9', 'requested', '1995-11-01 23:39:26', '1975-05-29 22:00:18');
INSERT INTO `friend_requests` (`initiator_user_id`, `target_user_id`, `status`, `requested_at`, `confirmed_at`) VALUES ('10', '10', 'approved', '1989-07-16 04:58:59', '2020-05-26 07:23:20');
INSERT INTO `friend_requests` (`initiator_user_id`, `target_user_id`, `status`, `requested_at`, `confirmed_at`) VALUES ('11', '11', 'requested', '1981-06-21 16:10:52', '1998-04-06 14:07:49');
INSERT INTO `friend_requests` (`initiator_user_id`, `target_user_id`, `status`, `requested_at`, `confirmed_at`) VALUES ('12', '12', 'requested', '2012-10-06 05:05:52', '1971-08-09 13:04:52');
INSERT INTO `friend_requests` (`initiator_user_id`, `target_user_id`, `status`, `requested_at`, `confirmed_at`) VALUES ('13', '13', 'requested', '2004-08-02 12:45:09', '2009-05-16 06:19:14');
INSERT INTO `friend_requests` (`initiator_user_id`, `target_user_id`, `status`, `requested_at`, `confirmed_at`) VALUES ('14', '14', 'requested', '2013-07-25 20:51:11', '2003-10-21 03:35:05');
INSERT INTO `friend_requests` (`initiator_user_id`, `target_user_id`, `status`, `requested_at`, `confirmed_at`) VALUES ('15', '15', 'unfriended', '2012-06-23 12:28:38', '1980-05-15 21:10:55');
INSERT INTO `friend_requests` (`initiator_user_id`, `target_user_id`, `status`, `requested_at`, `confirmed_at`) VALUES ('16', '16', 'requested', '1990-09-30 09:04:28', '2001-09-14 09:18:34');
INSERT INTO `friend_requests` (`initiator_user_id`, `target_user_id`, `status`, `requested_at`, `confirmed_at`) VALUES ('17', '17', 'requested', '1980-01-08 20:20:42', '2012-08-27 15:29:48');
INSERT INTO `friend_requests` (`initiator_user_id`, `target_user_id`, `status`, `requested_at`, `confirmed_at`) VALUES ('18', '18', 'approved', '2012-04-02 02:49:50', '1971-08-14 05:54:12');
INSERT INTO `friend_requests` (`initiator_user_id`, `target_user_id`, `status`, `requested_at`, `confirmed_at`) VALUES ('19', '19', 'unfriended', '2011-06-07 18:45:38', '2015-03-19 22:15:08');
INSERT INTO `friend_requests` (`initiator_user_id`, `target_user_id`, `status`, `requested_at`, `confirmed_at`) VALUES ('20', '20', 'approved', '2019-12-20 17:23:14', '1970-09-12 19:09:28');
INSERT INTO `friend_requests` (`initiator_user_id`, `target_user_id`, `status`, `requested_at`, `confirmed_at`) VALUES ('21', '21', 'declined', '2001-11-24 12:18:03', '1971-05-26 09:12:01');
INSERT INTO `friend_requests` (`initiator_user_id`, `target_user_id`, `status`, `requested_at`, `confirmed_at`) VALUES ('22', '22', 'declined', '1998-07-20 06:54:51', '1992-08-20 11:20:20');
INSERT INTO `friend_requests` (`initiator_user_id`, `target_user_id`, `status`, `requested_at`, `confirmed_at`) VALUES ('23', '23', 'approved', '1991-05-09 21:32:51', '1987-05-16 08:02:02');
INSERT INTO `friend_requests` (`initiator_user_id`, `target_user_id`, `status`, `requested_at`, `confirmed_at`) VALUES ('24', '24', 'unfriended', '2020-05-26 09:54:44', '2001-10-06 02:22:17');
INSERT INTO `friend_requests` (`initiator_user_id`, `target_user_id`, `status`, `requested_at`, `confirmed_at`) VALUES ('25', '25', 'requested', '2011-01-24 05:06:58', '2013-08-29 09:23:59');
INSERT INTO `friend_requests` (`initiator_user_id`, `target_user_id`, `status`, `requested_at`, `confirmed_at`) VALUES ('26', '26', 'unfriended', '1981-01-26 08:01:15', '1979-09-04 13:56:21');
INSERT INTO `friend_requests` (`initiator_user_id`, `target_user_id`, `status`, `requested_at`, `confirmed_at`) VALUES ('27', '27', 'declined', '1973-04-20 18:52:18', '2019-07-18 14:30:11');
INSERT INTO `friend_requests` (`initiator_user_id`, `target_user_id`, `status`, `requested_at`, `confirmed_at`) VALUES ('28', '28', 'unfriended', '2000-02-23 21:27:49', '2005-06-21 08:43:10');
INSERT INTO `friend_requests` (`initiator_user_id`, `target_user_id`, `status`, `requested_at`, `confirmed_at`) VALUES ('29', '29', 'declined', '2012-12-03 19:41:43', '1988-07-04 21:30:19');
INSERT INTO `friend_requests` (`initiator_user_id`, `target_user_id`, `status`, `requested_at`, `confirmed_at`) VALUES ('30', '30', 'unfriended', '2008-06-06 19:04:29', '2002-09-21 22:25:59');
INSERT INTO `friend_requests` (`initiator_user_id`, `target_user_id`, `status`, `requested_at`, `confirmed_at`) VALUES ('31', '31', 'approved', '1988-11-18 15:43:18', '2019-07-20 09:17:02');
INSERT INTO `friend_requests` (`initiator_user_id`, `target_user_id`, `status`, `requested_at`, `confirmed_at`) VALUES ('32', '32', 'unfriended', '2006-12-03 20:34:43', '1984-07-03 04:05:08');
INSERT INTO `friend_requests` (`initiator_user_id`, `target_user_id`, `status`, `requested_at`, `confirmed_at`) VALUES ('33', '33', 'approved', '2004-03-19 09:05:49', '1983-11-22 21:40:20');
INSERT INTO `friend_requests` (`initiator_user_id`, `target_user_id`, `status`, `requested_at`, `confirmed_at`) VALUES ('34', '34', 'requested', '2014-07-31 13:11:51', '2005-11-15 16:32:53');
INSERT INTO `friend_requests` (`initiator_user_id`, `target_user_id`, `status`, `requested_at`, `confirmed_at`) VALUES ('35', '35', 'requested', '1972-03-03 05:01:57', '2014-12-14 09:59:02');
INSERT INTO `friend_requests` (`initiator_user_id`, `target_user_id`, `status`, `requested_at`, `confirmed_at`) VALUES ('36', '36', 'approved', '2011-01-26 06:49:55', '1979-07-01 05:53:23');
INSERT INTO `friend_requests` (`initiator_user_id`, `target_user_id`, `status`, `requested_at`, `confirmed_at`) VALUES ('37', '37', 'approved', '2008-10-25 11:54:23', '1977-12-03 10:11:13');
INSERT INTO `friend_requests` (`initiator_user_id`, `target_user_id`, `status`, `requested_at`, `confirmed_at`) VALUES ('38', '38', 'unfriended', '1982-05-23 05:43:25', '1999-10-28 18:20:47');
INSERT INTO `friend_requests` (`initiator_user_id`, `target_user_id`, `status`, `requested_at`, `confirmed_at`) VALUES ('39', '39', 'approved', '1990-09-08 09:31:38', '1975-09-22 18:33:37');
INSERT INTO `friend_requests` (`initiator_user_id`, `target_user_id`, `status`, `requested_at`, `confirmed_at`) VALUES ('40', '40', 'requested', '1984-12-28 04:52:06', '1975-03-28 21:39:20');
INSERT INTO `friend_requests` (`initiator_user_id`, `target_user_id`, `status`, `requested_at`, `confirmed_at`) VALUES ('41', '41', 'declined', '1979-08-23 00:55:56', '1984-10-19 10:58:54');
INSERT INTO `friend_requests` (`initiator_user_id`, `target_user_id`, `status`, `requested_at`, `confirmed_at`) VALUES ('42', '42', 'approved', '2010-09-11 07:46:21', '1994-09-28 22:13:02');
INSERT INTO `friend_requests` (`initiator_user_id`, `target_user_id`, `status`, `requested_at`, `confirmed_at`) VALUES ('43', '43', 'requested', '1990-07-05 15:24:43', '1977-07-27 05:06:22');
INSERT INTO `friend_requests` (`initiator_user_id`, `target_user_id`, `status`, `requested_at`, `confirmed_at`) VALUES ('44', '44', 'unfriended', '2004-12-09 09:05:03', '2000-06-03 00:17:13');
INSERT INTO `friend_requests` (`initiator_user_id`, `target_user_id`, `status`, `requested_at`, `confirmed_at`) VALUES ('45', '45', 'approved', '2011-05-17 07:24:46', '1987-10-03 23:02:31');
INSERT INTO `friend_requests` (`initiator_user_id`, `target_user_id`, `status`, `requested_at`, `confirmed_at`) VALUES ('46', '46', 'requested', '2020-05-28 22:04:41', '2019-02-01 10:58:28');
INSERT INTO `friend_requests` (`initiator_user_id`, `target_user_id`, `status`, `requested_at`, `confirmed_at`) VALUES ('47', '47', 'approved', '1980-04-08 08:20:17', '1989-08-11 11:35:45');
INSERT INTO `friend_requests` (`initiator_user_id`, `target_user_id`, `status`, `requested_at`, `confirmed_at`) VALUES ('48', '48', 'requested', '1996-01-14 21:41:31', '2004-07-03 00:28:41');
INSERT INTO `friend_requests` (`initiator_user_id`, `target_user_id`, `status`, `requested_at`, `confirmed_at`) VALUES ('49', '49', 'unfriended', '1988-08-07 16:46:11', '1991-12-01 07:23:53');
INSERT INTO `friend_requests` (`initiator_user_id`, `target_user_id`, `status`, `requested_at`, `confirmed_at`) VALUES ('50', '50', 'approved', '2017-08-29 10:33:58', '1988-12-05 16:30:37');
INSERT INTO `friend_requests` (`initiator_user_id`, `target_user_id`, `status`, `requested_at`, `confirmed_at`) VALUES ('51', '51', 'unfriended', '1972-03-11 02:17:13', '1971-09-14 02:11:59');
INSERT INTO `friend_requests` (`initiator_user_id`, `target_user_id`, `status`, `requested_at`, `confirmed_at`) VALUES ('52', '52', 'approved', '2008-05-31 00:04:58', '1972-07-20 01:08:19');
INSERT INTO `friend_requests` (`initiator_user_id`, `target_user_id`, `status`, `requested_at`, `confirmed_at`) VALUES ('53', '53', 'unfriended', '1992-05-27 09:26:15', '2000-06-24 19:16:07');
INSERT INTO `friend_requests` (`initiator_user_id`, `target_user_id`, `status`, `requested_at`, `confirmed_at`) VALUES ('54', '54', 'requested', '1982-01-29 22:51:36', '2018-12-08 15:09:00');
INSERT INTO `friend_requests` (`initiator_user_id`, `target_user_id`, `status`, `requested_at`, `confirmed_at`) VALUES ('55', '55', 'requested', '2003-05-11 11:39:35', '2011-11-23 16:57:32');
INSERT INTO `friend_requests` (`initiator_user_id`, `target_user_id`, `status`, `requested_at`, `confirmed_at`) VALUES ('56', '56', 'requested', '1973-04-22 11:16:48', '2004-02-16 16:22:15');
INSERT INTO `friend_requests` (`initiator_user_id`, `target_user_id`, `status`, `requested_at`, `confirmed_at`) VALUES ('57', '57', 'declined', '1982-10-13 00:45:49', '1995-11-05 06:12:44');
INSERT INTO `friend_requests` (`initiator_user_id`, `target_user_id`, `status`, `requested_at`, `confirmed_at`) VALUES ('58', '58', 'declined', '1974-12-02 01:35:38', '1981-08-17 16:35:37');
INSERT INTO `friend_requests` (`initiator_user_id`, `target_user_id`, `status`, `requested_at`, `confirmed_at`) VALUES ('59', '59', 'approved', '1970-05-17 19:38:39', '1975-03-02 19:22:11');
INSERT INTO `friend_requests` (`initiator_user_id`, `target_user_id`, `status`, `requested_at`, `confirmed_at`) VALUES ('60', '60', 'approved', '2006-08-14 03:22:29', '1987-03-25 18:42:32');
INSERT INTO `friend_requests` (`initiator_user_id`, `target_user_id`, `status`, `requested_at`, `confirmed_at`) VALUES ('61', '61', 'requested', '1982-11-02 09:56:58', '1999-08-04 01:07:38');
INSERT INTO `friend_requests` (`initiator_user_id`, `target_user_id`, `status`, `requested_at`, `confirmed_at`) VALUES ('62', '62', 'approved', '1993-04-26 13:12:55', '1970-09-09 09:55:11');
INSERT INTO `friend_requests` (`initiator_user_id`, `target_user_id`, `status`, `requested_at`, `confirmed_at`) VALUES ('63', '63', 'declined', '1983-12-23 23:26:19', '2017-01-06 15:37:16');
INSERT INTO `friend_requests` (`initiator_user_id`, `target_user_id`, `status`, `requested_at`, `confirmed_at`) VALUES ('64', '64', 'declined', '1979-11-01 18:55:05', '1982-08-14 04:25:02');
INSERT INTO `friend_requests` (`initiator_user_id`, `target_user_id`, `status`, `requested_at`, `confirmed_at`) VALUES ('65', '65', 'requested', '1995-11-09 11:23:13', '1976-05-07 16:14:39');
INSERT INTO `friend_requests` (`initiator_user_id`, `target_user_id`, `status`, `requested_at`, `confirmed_at`) VALUES ('66', '66', 'declined', '2016-08-22 02:02:29', '1992-08-20 06:56:04');
INSERT INTO `friend_requests` (`initiator_user_id`, `target_user_id`, `status`, `requested_at`, `confirmed_at`) VALUES ('67', '67', 'unfriended', '1997-03-13 01:48:11', '1998-11-30 12:34:55');
INSERT INTO `friend_requests` (`initiator_user_id`, `target_user_id`, `status`, `requested_at`, `confirmed_at`) VALUES ('68', '68', 'approved', '1978-07-03 04:56:44', '2001-12-01 08:51:36');
INSERT INTO `friend_requests` (`initiator_user_id`, `target_user_id`, `status`, `requested_at`, `confirmed_at`) VALUES ('69', '69', 'unfriended', '1984-12-17 16:23:21', '2012-10-24 11:22:41');
INSERT INTO `friend_requests` (`initiator_user_id`, `target_user_id`, `status`, `requested_at`, `confirmed_at`) VALUES ('70', '70', 'approved', '2010-11-15 19:33:45', '1980-01-20 15:49:18');
INSERT INTO `friend_requests` (`initiator_user_id`, `target_user_id`, `status`, `requested_at`, `confirmed_at`) VALUES ('71', '71', 'requested', '2011-11-12 06:34:14', '1972-12-10 19:14:17');
INSERT INTO `friend_requests` (`initiator_user_id`, `target_user_id`, `status`, `requested_at`, `confirmed_at`) VALUES ('72', '72', 'unfriended', '1973-07-17 06:07:25', '1990-01-25 16:54:37');
INSERT INTO `friend_requests` (`initiator_user_id`, `target_user_id`, `status`, `requested_at`, `confirmed_at`) VALUES ('73', '73', 'declined', '1975-02-04 01:57:11', '2014-10-20 15:14:24');
INSERT INTO `friend_requests` (`initiator_user_id`, `target_user_id`, `status`, `requested_at`, `confirmed_at`) VALUES ('74', '74', 'approved', '1980-03-12 11:28:49', '2014-06-08 02:33:58');
INSERT INTO `friend_requests` (`initiator_user_id`, `target_user_id`, `status`, `requested_at`, `confirmed_at`) VALUES ('75', '75', 'unfriended', '1981-03-08 06:39:45', '2008-08-30 13:40:54');
INSERT INTO `friend_requests` (`initiator_user_id`, `target_user_id`, `status`, `requested_at`, `confirmed_at`) VALUES ('76', '76', 'declined', '2014-12-05 07:55:51', '2019-04-26 01:53:23');
INSERT INTO `friend_requests` (`initiator_user_id`, `target_user_id`, `status`, `requested_at`, `confirmed_at`) VALUES ('77', '77', 'unfriended', '2003-08-24 03:44:25', '2010-12-23 13:44:55');
INSERT INTO `friend_requests` (`initiator_user_id`, `target_user_id`, `status`, `requested_at`, `confirmed_at`) VALUES ('78', '78', 'approved', '1987-12-16 08:08:24', '1977-03-14 06:30:49');
INSERT INTO `friend_requests` (`initiator_user_id`, `target_user_id`, `status`, `requested_at`, `confirmed_at`) VALUES ('79', '79', 'unfriended', '2007-11-05 19:30:37', '2009-03-10 00:34:35');
INSERT INTO `friend_requests` (`initiator_user_id`, `target_user_id`, `status`, `requested_at`, `confirmed_at`) VALUES ('80', '80', 'unfriended', '2010-10-24 23:10:27', '1974-06-23 20:11:16');
INSERT INTO `friend_requests` (`initiator_user_id`, `target_user_id`, `status`, `requested_at`, `confirmed_at`) VALUES ('81', '81', 'declined', '2013-10-20 11:47:37', '1987-04-13 18:42:16');
INSERT INTO `friend_requests` (`initiator_user_id`, `target_user_id`, `status`, `requested_at`, `confirmed_at`) VALUES ('82', '82', 'approved', '2012-10-12 04:20:37', '1978-01-23 04:19:38');
INSERT INTO `friend_requests` (`initiator_user_id`, `target_user_id`, `status`, `requested_at`, `confirmed_at`) VALUES ('83', '83', 'declined', '1985-02-08 19:08:13', '2004-03-17 06:43:50');
INSERT INTO `friend_requests` (`initiator_user_id`, `target_user_id`, `status`, `requested_at`, `confirmed_at`) VALUES ('84', '84', 'approved', '1982-08-09 13:50:44', '1982-09-21 11:20:18');
INSERT INTO `friend_requests` (`initiator_user_id`, `target_user_id`, `status`, `requested_at`, `confirmed_at`) VALUES ('85', '85', 'approved', '2001-03-24 14:14:49', '2015-01-20 16:08:39');
INSERT INTO `friend_requests` (`initiator_user_id`, `target_user_id`, `status`, `requested_at`, `confirmed_at`) VALUES ('86', '86', 'declined', '1983-01-23 13:02:19', '2016-09-23 22:58:55');
INSERT INTO `friend_requests` (`initiator_user_id`, `target_user_id`, `status`, `requested_at`, `confirmed_at`) VALUES ('87', '87', 'approved', '2001-10-21 01:56:59', '1998-09-24 18:59:33');
INSERT INTO `friend_requests` (`initiator_user_id`, `target_user_id`, `status`, `requested_at`, `confirmed_at`) VALUES ('88', '88', 'requested', '1970-10-29 12:20:00', '2011-01-30 13:03:39');
INSERT INTO `friend_requests` (`initiator_user_id`, `target_user_id`, `status`, `requested_at`, `confirmed_at`) VALUES ('89', '89', 'declined', '2016-11-18 20:29:16', '1996-07-12 17:44:32');
INSERT INTO `friend_requests` (`initiator_user_id`, `target_user_id`, `status`, `requested_at`, `confirmed_at`) VALUES ('90', '90', 'requested', '2019-02-05 20:23:18', '2013-10-21 06:30:19');
INSERT INTO `friend_requests` (`initiator_user_id`, `target_user_id`, `status`, `requested_at`, `confirmed_at`) VALUES ('91', '91', 'approved', '2012-05-27 12:31:04', '2019-06-22 02:01:49');
INSERT INTO `friend_requests` (`initiator_user_id`, `target_user_id`, `status`, `requested_at`, `confirmed_at`) VALUES ('92', '92', 'unfriended', '1994-05-13 17:29:37', '1988-11-25 22:50:19');
INSERT INTO `friend_requests` (`initiator_user_id`, `target_user_id`, `status`, `requested_at`, `confirmed_at`) VALUES ('93', '93', 'declined', '1982-02-12 02:54:56', '1982-05-16 19:15:01');
INSERT INTO `friend_requests` (`initiator_user_id`, `target_user_id`, `status`, `requested_at`, `confirmed_at`) VALUES ('94', '94', 'unfriended', '2004-01-25 15:30:13', '2016-08-23 07:54:20');
INSERT INTO `friend_requests` (`initiator_user_id`, `target_user_id`, `status`, `requested_at`, `confirmed_at`) VALUES ('95', '95', 'unfriended', '2015-07-06 02:29:24', '2017-07-14 22:06:13');
INSERT INTO `friend_requests` (`initiator_user_id`, `target_user_id`, `status`, `requested_at`, `confirmed_at`) VALUES ('96', '96', 'requested', '1976-01-22 23:45:05', '1983-06-30 03:44:55');
INSERT INTO `friend_requests` (`initiator_user_id`, `target_user_id`, `status`, `requested_at`, `confirmed_at`) VALUES ('97', '97', 'approved', '1989-10-27 15:31:39', '1993-12-15 12:35:31');
INSERT INTO `friend_requests` (`initiator_user_id`, `target_user_id`, `status`, `requested_at`, `confirmed_at`) VALUES ('98', '98', 'requested', '2013-05-06 02:06:32', '2018-12-21 03:32:57');
INSERT INTO `friend_requests` (`initiator_user_id`, `target_user_id`, `status`, `requested_at`, `confirmed_at`) VALUES ('99', '99', 'unfriended', '1988-11-19 20:27:17', '1995-06-28 22:19:56');
INSERT INTO `friend_requests` (`initiator_user_id`, `target_user_id`, `status`, `requested_at`, `confirmed_at`) VALUES ('100', '100', 'unfriended', '2012-05-15 08:04:35', '1992-03-02 10:21:09');


#
# TABLE STRUCTURE FOR: likes
#

CREATE TABLE if not exists `likes` (
  `id` bigint(20) unsigned NOT NULL AUTO_INCREMENT,
  `user_id` bigint(20) unsigned NOT NULL,
  `media_id` bigint(20) unsigned NOT NULL,
  `post_id` bigint(20) unsigned NOT NULL,
  `photo_id` bigint(20) unsigned NOT NULL,
  `created_at` datetime DEFAULT current_timestamp(),
  PRIMARY KEY (`id`),
  KEY `user_id` (`user_id`),
  KEY `media_id` (`media_id`),
  KEY `post_id` (`post_id`),
  KEY `photo_id` (`photo_id`),
  CONSTRAINT `likes_ibfk_1` FOREIGN KEY (`user_id`) REFERENCES `users` (`id`),
  CONSTRAINT `likes_ibfk_2` FOREIGN KEY (`media_id`) REFERENCES `media` (`id`),
  CONSTRAINT `likes_ibfk_3` FOREIGN KEY (`post_id`) REFERENCES `posts` (`id`),
  CONSTRAINT `likes_ibfk_4` FOREIGN KEY (`photo_id`) REFERENCES `photos` (`id`)
) ENGINE=InnoDB AUTO_INCREMENT=101 DEFAULT CHARSET=utf8 COLLATE=utf8_unicode_ci;

INSERT INTO `likes` (`id`, `user_id`, `media_id`, `post_id`, `photo_id`, `created_at`) VALUES ('1', '1', '1', '1', '1', '2007-10-16 00:53:15');
INSERT INTO `likes` (`id`, `user_id`, `media_id`, `post_id`, `photo_id`, `created_at`) VALUES ('2', '2', '2', '2', '2', '1989-05-14 05:56:03');
INSERT INTO `likes` (`id`, `user_id`, `media_id`, `post_id`, `photo_id`, `created_at`) VALUES ('3', '3', '3', '3', '3', '1996-09-20 18:31:50');
INSERT INTO `likes` (`id`, `user_id`, `media_id`, `post_id`, `photo_id`, `created_at`) VALUES ('4', '4', '4', '4', '4', '2009-02-24 18:47:21');
INSERT INTO `likes` (`id`, `user_id`, `media_id`, `post_id`, `photo_id`, `created_at`) VALUES ('5', '5', '5', '5', '5', '1994-12-02 13:43:33');
INSERT INTO `likes` (`id`, `user_id`, `media_id`, `post_id`, `photo_id`, `created_at`) VALUES ('6', '6', '6', '6', '6', '2004-11-06 05:48:01');
INSERT INTO `likes` (`id`, `user_id`, `media_id`, `post_id`, `photo_id`, `created_at`) VALUES ('7', '7', '7', '7', '7', '1979-05-13 23:01:24');
INSERT INTO `likes` (`id`, `user_id`, `media_id`, `post_id`, `photo_id`, `created_at`) VALUES ('8', '8', '8', '8', '8', '1993-01-18 02:43:48');
INSERT INTO `likes` (`id`, `user_id`, `media_id`, `post_id`, `photo_id`, `created_at`) VALUES ('9', '9', '9', '9', '9', '1982-04-14 08:57:46');
INSERT INTO `likes` (`id`, `user_id`, `media_id`, `post_id`, `photo_id`, `created_at`) VALUES ('10', '10', '10', '10', '10', '1986-06-17 14:54:32');
INSERT INTO `likes` (`id`, `user_id`, `media_id`, `post_id`, `photo_id`, `created_at`) VALUES ('11', '11', '11', '11', '11', '1997-06-21 08:43:23');
INSERT INTO `likes` (`id`, `user_id`, `media_id`, `post_id`, `photo_id`, `created_at`) VALUES ('12', '12', '12', '12', '12', '2002-05-18 03:28:32');
INSERT INTO `likes` (`id`, `user_id`, `media_id`, `post_id`, `photo_id`, `created_at`) VALUES ('13', '13', '13', '13', '13', '1977-02-12 13:47:27');
INSERT INTO `likes` (`id`, `user_id`, `media_id`, `post_id`, `photo_id`, `created_at`) VALUES ('14', '14', '14', '14', '14', '1975-03-03 22:28:02');
INSERT INTO `likes` (`id`, `user_id`, `media_id`, `post_id`, `photo_id`, `created_at`) VALUES ('15', '15', '15', '15', '15', '1971-01-31 18:54:39');
INSERT INTO `likes` (`id`, `user_id`, `media_id`, `post_id`, `photo_id`, `created_at`) VALUES ('16', '16', '16', '16', '16', '1986-09-08 01:05:24');
INSERT INTO `likes` (`id`, `user_id`, `media_id`, `post_id`, `photo_id`, `created_at`) VALUES ('17', '17', '17', '17', '17', '2018-04-02 06:39:29');
INSERT INTO `likes` (`id`, `user_id`, `media_id`, `post_id`, `photo_id`, `created_at`) VALUES ('18', '18', '18', '18', '18', '1988-01-17 12:50:37');
INSERT INTO `likes` (`id`, `user_id`, `media_id`, `post_id`, `photo_id`, `created_at`) VALUES ('19', '19', '19', '19', '19', '1972-06-05 08:10:38');
INSERT INTO `likes` (`id`, `user_id`, `media_id`, `post_id`, `photo_id`, `created_at`) VALUES ('20', '20', '20', '20', '20', '2017-02-18 15:18:08');
INSERT INTO `likes` (`id`, `user_id`, `media_id`, `post_id`, `photo_id`, `created_at`) VALUES ('21', '21', '21', '21', '21', '1989-01-10 16:15:29');
INSERT INTO `likes` (`id`, `user_id`, `media_id`, `post_id`, `photo_id`, `created_at`) VALUES ('22', '22', '22', '22', '22', '1999-12-02 16:53:44');
INSERT INTO `likes` (`id`, `user_id`, `media_id`, `post_id`, `photo_id`, `created_at`) VALUES ('23', '23', '23', '23', '23', '1979-08-30 12:18:12');
INSERT INTO `likes` (`id`, `user_id`, `media_id`, `post_id`, `photo_id`, `created_at`) VALUES ('24', '24', '24', '24', '24', '1994-04-06 09:49:10');
INSERT INTO `likes` (`id`, `user_id`, `media_id`, `post_id`, `photo_id`, `created_at`) VALUES ('25', '25', '25', '25', '25', '1971-07-16 03:54:31');
INSERT INTO `likes` (`id`, `user_id`, `media_id`, `post_id`, `photo_id`, `created_at`) VALUES ('26', '26', '26', '26', '26', '1995-08-04 15:56:38');
INSERT INTO `likes` (`id`, `user_id`, `media_id`, `post_id`, `photo_id`, `created_at`) VALUES ('27', '27', '27', '27', '27', '1994-05-24 09:15:37');
INSERT INTO `likes` (`id`, `user_id`, `media_id`, `post_id`, `photo_id`, `created_at`) VALUES ('28', '28', '28', '28', '28', '2004-11-19 19:05:31');
INSERT INTO `likes` (`id`, `user_id`, `media_id`, `post_id`, `photo_id`, `created_at`) VALUES ('29', '29', '29', '29', '29', '1995-10-23 00:45:29');
INSERT INTO `likes` (`id`, `user_id`, `media_id`, `post_id`, `photo_id`, `created_at`) VALUES ('30', '30', '30', '30', '30', '1984-02-25 20:42:48');
INSERT INTO `likes` (`id`, `user_id`, `media_id`, `post_id`, `photo_id`, `created_at`) VALUES ('31', '31', '31', '31', '31', '1988-02-29 19:51:03');
INSERT INTO `likes` (`id`, `user_id`, `media_id`, `post_id`, `photo_id`, `created_at`) VALUES ('32', '32', '32', '32', '32', '1977-08-24 21:10:09');
INSERT INTO `likes` (`id`, `user_id`, `media_id`, `post_id`, `photo_id`, `created_at`) VALUES ('33', '33', '33', '33', '33', '2004-10-13 08:42:15');
INSERT INTO `likes` (`id`, `user_id`, `media_id`, `post_id`, `photo_id`, `created_at`) VALUES ('34', '34', '34', '34', '34', '1992-03-29 02:51:23');
INSERT INTO `likes` (`id`, `user_id`, `media_id`, `post_id`, `photo_id`, `created_at`) VALUES ('35', '35', '35', '35', '35', '2017-11-10 12:01:29');
INSERT INTO `likes` (`id`, `user_id`, `media_id`, `post_id`, `photo_id`, `created_at`) VALUES ('36', '36', '36', '36', '36', '1973-03-31 13:38:12');
INSERT INTO `likes` (`id`, `user_id`, `media_id`, `post_id`, `photo_id`, `created_at`) VALUES ('37', '37', '37', '37', '37', '1980-08-31 07:39:35');
INSERT INTO `likes` (`id`, `user_id`, `media_id`, `post_id`, `photo_id`, `created_at`) VALUES ('38', '38', '38', '38', '38', '1975-05-17 07:48:07');
INSERT INTO `likes` (`id`, `user_id`, `media_id`, `post_id`, `photo_id`, `created_at`) VALUES ('39', '39', '39', '39', '39', '1987-10-05 15:40:25');
INSERT INTO `likes` (`id`, `user_id`, `media_id`, `post_id`, `photo_id`, `created_at`) VALUES ('40', '40', '40', '40', '40', '2018-04-03 21:17:51');
INSERT INTO `likes` (`id`, `user_id`, `media_id`, `post_id`, `photo_id`, `created_at`) VALUES ('41', '41', '41', '41', '41', '1978-03-12 01:16:27');
INSERT INTO `likes` (`id`, `user_id`, `media_id`, `post_id`, `photo_id`, `created_at`) VALUES ('42', '42', '42', '42', '42', '1975-08-01 18:34:29');
INSERT INTO `likes` (`id`, `user_id`, `media_id`, `post_id`, `photo_id`, `created_at`) VALUES ('43', '43', '43', '43', '43', '2015-06-26 02:33:26');
INSERT INTO `likes` (`id`, `user_id`, `media_id`, `post_id`, `photo_id`, `created_at`) VALUES ('44', '44', '44', '44', '44', '1984-08-25 01:29:48');
INSERT INTO `likes` (`id`, `user_id`, `media_id`, `post_id`, `photo_id`, `created_at`) VALUES ('45', '45', '45', '45', '45', '2020-04-10 19:33:21');
INSERT INTO `likes` (`id`, `user_id`, `media_id`, `post_id`, `photo_id`, `created_at`) VALUES ('46', '46', '46', '46', '46', '2004-11-15 11:38:53');
INSERT INTO `likes` (`id`, `user_id`, `media_id`, `post_id`, `photo_id`, `created_at`) VALUES ('47', '47', '47', '47', '47', '2006-08-28 02:15:42');
INSERT INTO `likes` (`id`, `user_id`, `media_id`, `post_id`, `photo_id`, `created_at`) VALUES ('48', '48', '48', '48', '48', '1999-01-01 21:34:57');
INSERT INTO `likes` (`id`, `user_id`, `media_id`, `post_id`, `photo_id`, `created_at`) VALUES ('49', '49', '49', '49', '49', '2011-10-09 16:49:17');
INSERT INTO `likes` (`id`, `user_id`, `media_id`, `post_id`, `photo_id`, `created_at`) VALUES ('50', '50', '50', '50', '50', '1979-05-07 02:23:25');
INSERT INTO `likes` (`id`, `user_id`, `media_id`, `post_id`, `photo_id`, `created_at`) VALUES ('51', '51', '51', '51', '51', '2019-03-16 21:24:15');
INSERT INTO `likes` (`id`, `user_id`, `media_id`, `post_id`, `photo_id`, `created_at`) VALUES ('52', '52', '52', '52', '52', '1986-03-18 20:05:23');
INSERT INTO `likes` (`id`, `user_id`, `media_id`, `post_id`, `photo_id`, `created_at`) VALUES ('53', '53', '53', '53', '53', '1997-11-10 12:55:39');
INSERT INTO `likes` (`id`, `user_id`, `media_id`, `post_id`, `photo_id`, `created_at`) VALUES ('54', '54', '54', '54', '54', '1984-10-15 10:10:41');
INSERT INTO `likes` (`id`, `user_id`, `media_id`, `post_id`, `photo_id`, `created_at`) VALUES ('55', '55', '55', '55', '55', '2018-08-31 04:39:33');
INSERT INTO `likes` (`id`, `user_id`, `media_id`, `post_id`, `photo_id`, `created_at`) VALUES ('56', '56', '56', '56', '56', '1989-12-18 00:18:31');
INSERT INTO `likes` (`id`, `user_id`, `media_id`, `post_id`, `photo_id`, `created_at`) VALUES ('57', '57', '57', '57', '57', '2000-12-05 00:55:20');
INSERT INTO `likes` (`id`, `user_id`, `media_id`, `post_id`, `photo_id`, `created_at`) VALUES ('58', '58', '58', '58', '58', '1970-05-25 15:27:14');
INSERT INTO `likes` (`id`, `user_id`, `media_id`, `post_id`, `photo_id`, `created_at`) VALUES ('59', '59', '59', '59', '59', '2007-10-03 18:16:59');
INSERT INTO `likes` (`id`, `user_id`, `media_id`, `post_id`, `photo_id`, `created_at`) VALUES ('60', '60', '60', '60', '60', '1977-05-31 09:15:09');
INSERT INTO `likes` (`id`, `user_id`, `media_id`, `post_id`, `photo_id`, `created_at`) VALUES ('61', '61', '61', '61', '61', '1998-04-01 14:01:28');
INSERT INTO `likes` (`id`, `user_id`, `media_id`, `post_id`, `photo_id`, `created_at`) VALUES ('62', '62', '62', '62', '62', '1975-01-16 22:48:09');
INSERT INTO `likes` (`id`, `user_id`, `media_id`, `post_id`, `photo_id`, `created_at`) VALUES ('63', '63', '63', '63', '63', '2001-02-13 11:48:07');
INSERT INTO `likes` (`id`, `user_id`, `media_id`, `post_id`, `photo_id`, `created_at`) VALUES ('64', '64', '64', '64', '64', '2017-08-21 18:57:40');
INSERT INTO `likes` (`id`, `user_id`, `media_id`, `post_id`, `photo_id`, `created_at`) VALUES ('65', '65', '65', '65', '65', '2012-08-30 20:28:38');
INSERT INTO `likes` (`id`, `user_id`, `media_id`, `post_id`, `photo_id`, `created_at`) VALUES ('66', '66', '66', '66', '66', '1994-11-21 07:54:18');
INSERT INTO `likes` (`id`, `user_id`, `media_id`, `post_id`, `photo_id`, `created_at`) VALUES ('67', '67', '67', '67', '67', '1979-08-04 08:45:52');
INSERT INTO `likes` (`id`, `user_id`, `media_id`, `post_id`, `photo_id`, `created_at`) VALUES ('68', '68', '68', '68', '68', '1982-04-28 08:45:19');
INSERT INTO `likes` (`id`, `user_id`, `media_id`, `post_id`, `photo_id`, `created_at`) VALUES ('69', '69', '69', '69', '69', '2015-08-21 05:57:39');
INSERT INTO `likes` (`id`, `user_id`, `media_id`, `post_id`, `photo_id`, `created_at`) VALUES ('70', '70', '70', '70', '70', '1974-03-13 22:41:31');
INSERT INTO `likes` (`id`, `user_id`, `media_id`, `post_id`, `photo_id`, `created_at`) VALUES ('71', '71', '71', '71', '71', '1993-12-27 06:10:29');
INSERT INTO `likes` (`id`, `user_id`, `media_id`, `post_id`, `photo_id`, `created_at`) VALUES ('72', '72', '72', '72', '72', '2017-11-01 03:31:20');
INSERT INTO `likes` (`id`, `user_id`, `media_id`, `post_id`, `photo_id`, `created_at`) VALUES ('73', '73', '73', '73', '73', '1994-02-07 15:52:30');
INSERT INTO `likes` (`id`, `user_id`, `media_id`, `post_id`, `photo_id`, `created_at`) VALUES ('74', '74', '74', '74', '74', '1979-09-16 22:02:39');
INSERT INTO `likes` (`id`, `user_id`, `media_id`, `post_id`, `photo_id`, `created_at`) VALUES ('75', '75', '75', '75', '75', '1983-10-19 06:49:46');
INSERT INTO `likes` (`id`, `user_id`, `media_id`, `post_id`, `photo_id`, `created_at`) VALUES ('76', '76', '76', '76', '76', '2008-11-06 23:27:23');
INSERT INTO `likes` (`id`, `user_id`, `media_id`, `post_id`, `photo_id`, `created_at`) VALUES ('77', '77', '77', '77', '77', '2015-11-08 23:09:31');
INSERT INTO `likes` (`id`, `user_id`, `media_id`, `post_id`, `photo_id`, `created_at`) VALUES ('78', '78', '78', '78', '78', '2004-01-13 07:57:52');
INSERT INTO `likes` (`id`, `user_id`, `media_id`, `post_id`, `photo_id`, `created_at`) VALUES ('79', '79', '79', '79', '79', '1992-07-20 23:24:37');
INSERT INTO `likes` (`id`, `user_id`, `media_id`, `post_id`, `photo_id`, `created_at`) VALUES ('80', '80', '80', '80', '80', '1997-12-02 01:27:43');
INSERT INTO `likes` (`id`, `user_id`, `media_id`, `post_id`, `photo_id`, `created_at`) VALUES ('81', '81', '81', '81', '81', '2012-05-10 00:14:44');
INSERT INTO `likes` (`id`, `user_id`, `media_id`, `post_id`, `photo_id`, `created_at`) VALUES ('82', '82', '82', '82', '82', '2007-01-18 13:20:28');
INSERT INTO `likes` (`id`, `user_id`, `media_id`, `post_id`, `photo_id`, `created_at`) VALUES ('83', '83', '83', '83', '83', '1997-02-03 19:54:59');
INSERT INTO `likes` (`id`, `user_id`, `media_id`, `post_id`, `photo_id`, `created_at`) VALUES ('84', '84', '84', '84', '84', '1996-10-31 21:52:46');
INSERT INTO `likes` (`id`, `user_id`, `media_id`, `post_id`, `photo_id`, `created_at`) VALUES ('85', '85', '85', '85', '85', '2007-12-30 07:53:07');
INSERT INTO `likes` (`id`, `user_id`, `media_id`, `post_id`, `photo_id`, `created_at`) VALUES ('86', '86', '86', '86', '86', '1983-12-12 18:02:14');
INSERT INTO `likes` (`id`, `user_id`, `media_id`, `post_id`, `photo_id`, `created_at`) VALUES ('87', '87', '87', '87', '87', '1996-04-10 13:06:51');
INSERT INTO `likes` (`id`, `user_id`, `media_id`, `post_id`, `photo_id`, `created_at`) VALUES ('88', '88', '88', '88', '88', '2000-04-22 17:01:51');
INSERT INTO `likes` (`id`, `user_id`, `media_id`, `post_id`, `photo_id`, `created_at`) VALUES ('89', '89', '89', '89', '89', '1986-07-16 11:12:11');
INSERT INTO `likes` (`id`, `user_id`, `media_id`, `post_id`, `photo_id`, `created_at`) VALUES ('90', '90', '90', '90', '90', '2004-01-22 10:12:29');
INSERT INTO `likes` (`id`, `user_id`, `media_id`, `post_id`, `photo_id`, `created_at`) VALUES ('91', '91', '91', '91', '91', '1973-07-04 17:20:31');
INSERT INTO `likes` (`id`, `user_id`, `media_id`, `post_id`, `photo_id`, `created_at`) VALUES ('92', '92', '92', '92', '92', '2018-12-12 07:58:30');
INSERT INTO `likes` (`id`, `user_id`, `media_id`, `post_id`, `photo_id`, `created_at`) VALUES ('93', '93', '93', '93', '93', '1987-08-16 22:13:46');
INSERT INTO `likes` (`id`, `user_id`, `media_id`, `post_id`, `photo_id`, `created_at`) VALUES ('94', '94', '94', '94', '94', '2004-03-22 19:25:14');
INSERT INTO `likes` (`id`, `user_id`, `media_id`, `post_id`, `photo_id`, `created_at`) VALUES ('95', '95', '95', '95', '95', '2019-12-14 11:59:49');
INSERT INTO `likes` (`id`, `user_id`, `media_id`, `post_id`, `photo_id`, `created_at`) VALUES ('96', '96', '96', '96', '96', '2015-03-15 20:59:42');
INSERT INTO `likes` (`id`, `user_id`, `media_id`, `post_id`, `photo_id`, `created_at`) VALUES ('97', '97', '97', '97', '97', '2016-11-06 00:20:09');
INSERT INTO `likes` (`id`, `user_id`, `media_id`, `post_id`, `photo_id`, `created_at`) VALUES ('98', '98', '98', '98', '98', '2001-12-25 12:20:47');
INSERT INTO `likes` (`id`, `user_id`, `media_id`, `post_id`, `photo_id`, `created_at`) VALUES ('99', '99', '99', '99', '99', '2005-04-08 18:02:25');
INSERT INTO `likes` (`id`, `user_id`, `media_id`, `post_id`, `photo_id`, `created_at`) VALUES ('100', '100', '100', '100', '100', '1974-05-19 19:44:54');


#
# TABLE STRUCTURE FOR: media
#

CREATE TABLE if not exists `media` (
  `id` bigint(20) unsigned NOT NULL AUTO_INCREMENT,
  `media_type_id` bigint(20) unsigned NOT NULL,
  `user_id` bigint(20) unsigned NOT NULL,
  `body` text COLLATE utf8_unicode_ci DEFAULT NULL,
  `filename` varchar(255) COLLATE utf8_unicode_ci DEFAULT NULL,
  `size` int(11) DEFAULT NULL,
  `metadata` longtext CHARACTER SET utf8mb4 COLLATE utf8mb4_bin DEFAULT NULL CHECK (json_valid(`metadata`)),
  `created_at` datetime DEFAULT current_timestamp(),
  `updated_at` datetime DEFAULT current_timestamp() ON UPDATE current_timestamp(),
  PRIMARY KEY (`id`),
  KEY `user_id` (`user_id`),
  KEY `media_type_id` (`media_type_id`),
  CONSTRAINT `media_ibfk_1` FOREIGN KEY (`user_id`) REFERENCES `users` (`id`),
  CONSTRAINT `media_ibfk_2` FOREIGN KEY (`media_type_id`) REFERENCES `media_types` (`id`)
) ENGINE=InnoDB AUTO_INCREMENT=101 DEFAULT CHARSET=utf8 COLLATE=utf8_unicode_ci;

INSERT INTO `media` (`id`, `media_type_id`, `user_id`, `body`, `filename`, `size`, `metadata`, `created_at`, `updated_at`) VALUES ('1', '1', '1', 'Quidem est perferendis eius omnis sit et. Ipsa distinctio voluptatem illo in iusto error. Velit soluta doloribus quidem quae porro. Dignissimos dolores officia suscipit voluptas.', 'et', 9756533, NULL, '1997-02-06 21:53:04', '1985-09-25 19:35:41');
INSERT INTO `media` (`id`, `media_type_id`, `user_id`, `body`, `filename`, `size`, `metadata`, `created_at`, `updated_at`) VALUES ('2', '2', '2', 'Quam ut eaque sit. Est recusandae rerum nam delectus quia facilis praesentium. Fugit reiciendis explicabo quaerat laborum veritatis. Nisi tenetur voluptatum facilis fuga harum exercitationem.', 'ea', 249, NULL, '2001-11-09 15:39:43', '1970-09-17 22:28:55');
INSERT INTO `media` (`id`, `media_type_id`, `user_id`, `body`, `filename`, `size`, `metadata`, `created_at`, `updated_at`) VALUES ('3', '3', '3', 'Laboriosam a beatae et est quibusdam illum recusandae. Quasi repellendus fugit qui minus aut tempore ea. Veritatis esse vel nihil dolore doloribus dignissimos sint.', 'magnam', 0, NULL, '1989-11-15 03:55:15', '1986-12-04 00:29:23');
INSERT INTO `media` (`id`, `media_type_id`, `user_id`, `body`, `filename`, `size`, `metadata`, `created_at`, `updated_at`) VALUES ('4', '4', '4', 'Magni doloribus iure consequuntur magnam incidunt quia. Nulla dicta fugit quidem rerum consequatur. Sunt et nemo et at. Aut nisi dolor omnis nostrum.', 'id', 3339314, NULL, '1978-01-16 22:57:25', '1994-04-10 23:55:44');
INSERT INTO `media` (`id`, `media_type_id`, `user_id`, `body`, `filename`, `size`, `metadata`, `created_at`, `updated_at`) VALUES ('5', '5', '5', 'Aspernatur qui earum voluptatum exercitationem et. Quia accusamus aut quasi et voluptatem sunt. Tenetur eveniet cumque et molestiae aut dolor consequatur. Quis aut quia consectetur ut dolorum cumque et.', 'dolores', 7, NULL, '1984-12-21 22:20:59', '2008-06-09 20:20:51');
INSERT INTO `media` (`id`, `media_type_id`, `user_id`, `body`, `filename`, `size`, `metadata`, `created_at`, `updated_at`) VALUES ('6', '6', '6', 'Aut perspiciatis ut nesciunt quo quam. Vero eum consequatur adipisci adipisci tempore minima.', 'dicta', 9797304, NULL, '2000-10-27 19:43:35', '1976-02-29 00:42:28');
INSERT INTO `media` (`id`, `media_type_id`, `user_id`, `body`, `filename`, `size`, `metadata`, `created_at`, `updated_at`) VALUES ('7', '7', '7', 'Eum porro et aliquam sed veniam fugiat est. Perferendis maiores omnis animi at consequatur. Est veritatis quis nihil consequatur ut.', 'modi', 788307, NULL, '1977-05-08 12:30:44', '1986-04-28 01:55:34');
INSERT INTO `media` (`id`, `media_type_id`, `user_id`, `body`, `filename`, `size`, `metadata`, `created_at`, `updated_at`) VALUES ('8', '8', '8', 'Voluptatem ipsum numquam cupiditate molestiae explicabo. Impedit voluptates dolor quibusdam facilis quia. Totam atque non nemo omnis laudantium.', 'dolores', 5, NULL, '2009-05-31 23:38:30', '1977-03-28 08:44:53');
INSERT INTO `media` (`id`, `media_type_id`, `user_id`, `body`, `filename`, `size`, `metadata`, `created_at`, `updated_at`) VALUES ('9', '9', '9', 'Architecto iusto voluptas non autem amet quibusdam voluptas. Officiis natus quis aut hic soluta atque sed. Voluptatem quia eos saepe ducimus.', 'similique', 0, NULL, '2008-10-06 15:45:08', '2004-03-10 01:26:45');
INSERT INTO `media` (`id`, `media_type_id`, `user_id`, `body`, `filename`, `size`, `metadata`, `created_at`, `updated_at`) VALUES ('10', '10', '10', 'Eum modi sed occaecati facere possimus. Nisi ipsa necessitatibus alias consequuntur neque neque. Et est vitae doloribus qui fugit facere esse. Error nostrum possimus quia voluptatem.', 'voluptatum', 7590, NULL, '2014-05-10 19:35:11', '1983-10-11 05:53:20');
INSERT INTO `media` (`id`, `media_type_id`, `user_id`, `body`, `filename`, `size`, `metadata`, `created_at`, `updated_at`) VALUES ('11', '11', '11', 'Ea debitis qui provident eveniet numquam nihil autem. Dignissimos dolore molestiae explicabo aliquam at sit. Aut voluptatem esse rerum asperiores. Culpa ducimus et at voluptatem sapiente veniam numquam.', 'in', 9, NULL, '2003-07-10 17:14:49', '2013-11-24 07:16:08');
INSERT INTO `media` (`id`, `media_type_id`, `user_id`, `body`, `filename`, `size`, `metadata`, `created_at`, `updated_at`) VALUES ('12', '12', '12', 'Dolor dolorem deserunt harum ea nihil est laboriosam. Omnis a corporis accusamus commodi voluptatum incidunt voluptatem. Molestias et et itaque nisi necessitatibus quaerat. Quo eligendi totam aut et.', 'cupiditate', 77102, NULL, '1992-01-11 03:15:01', '2004-02-12 09:07:53');
INSERT INTO `media` (`id`, `media_type_id`, `user_id`, `body`, `filename`, `size`, `metadata`, `created_at`, `updated_at`) VALUES ('13', '13', '13', 'Qui ut inventore est molestiae ut consequatur sint. Provident maiores consequatur aspernatur cumque qui iure in omnis. Odit velit culpa nulla consequuntur et saepe.', 'quia', 28, NULL, '2005-07-16 01:27:11', '1980-01-13 05:06:12');
INSERT INTO `media` (`id`, `media_type_id`, `user_id`, `body`, `filename`, `size`, `metadata`, `created_at`, `updated_at`) VALUES ('14', '14', '14', 'Ipsam tenetur sequi illum est quis architecto. Laboriosam sunt soluta maxime et iure. Natus autem ipsam voluptatum consequatur natus.', 'et', 4135566, NULL, '1979-08-05 09:25:16', '2014-08-29 15:12:52');
INSERT INTO `media` (`id`, `media_type_id`, `user_id`, `body`, `filename`, `size`, `metadata`, `created_at`, `updated_at`) VALUES ('15', '15', '15', 'Voluptatem blanditiis numquam dolore est omnis totam eius dignissimos. In omnis occaecati deserunt. Repellat doloremque suscipit rerum minus aut harum commodi. Velit consequatur minima exercitationem ea qui impedit provident.', 'adipisci', 8, NULL, '1983-03-04 23:54:35', '1973-02-12 10:17:10');
INSERT INTO `media` (`id`, `media_type_id`, `user_id`, `body`, `filename`, `size`, `metadata`, `created_at`, `updated_at`) VALUES ('16', '16', '16', 'Qui dicta excepturi fuga voluptate non sit. Eaque modi exercitationem nihil quod molestiae exercitationem aut. Quo rem non nemo non fugit.', 'eligendi', 8607, NULL, '1995-01-08 20:14:06', '1977-02-10 21:11:59');
INSERT INTO `media` (`id`, `media_type_id`, `user_id`, `body`, `filename`, `size`, `metadata`, `created_at`, `updated_at`) VALUES ('17', '17', '17', 'Maiores est ipsum ipsam error. Autem et numquam veritatis ipsum.', 'et', 55740, NULL, '1979-04-09 02:55:14', '1976-09-09 06:15:55');
INSERT INTO `media` (`id`, `media_type_id`, `user_id`, `body`, `filename`, `size`, `metadata`, `created_at`, `updated_at`) VALUES ('18', '18', '18', 'Sit dolorem ipsa aut quibusdam sed error pariatur. Quia mollitia et consequuntur dignissimos sed nihil. Voluptatem ducimus assumenda quia alias.', 'voluptate', 132, NULL, '2003-03-04 10:23:05', '2003-10-29 18:48:13');
INSERT INTO `media` (`id`, `media_type_id`, `user_id`, `body`, `filename`, `size`, `metadata`, `created_at`, `updated_at`) VALUES ('19', '19', '19', 'Officiis voluptatem distinctio asperiores qui. Incidunt blanditiis aliquam deleniti consequatur ducimus. Non delectus voluptatem illum ab maiores officiis autem quo.', 'minima', 86, NULL, '2016-05-10 19:06:51', '1981-06-19 22:36:33');
INSERT INTO `media` (`id`, `media_type_id`, `user_id`, `body`, `filename`, `size`, `metadata`, `created_at`, `updated_at`) VALUES ('20', '20', '20', 'Quia consequatur doloribus voluptates saepe quidem quas ipsa. Itaque facilis dolor illum quia et sunt ut. Omnis velit quibusdam autem.', 'quis', 4521624, NULL, '1997-06-09 09:08:34', '2005-08-29 04:07:32');
INSERT INTO `media` (`id`, `media_type_id`, `user_id`, `body`, `filename`, `size`, `metadata`, `created_at`, `updated_at`) VALUES ('21', '21', '21', 'Et est in ut fugit placeat. Eum maiores cum occaecati sed. Commodi id qui ut quisquam. Soluta voluptatibus eos quas autem architecto dolor provident.', 'sint', 1375, NULL, '1997-06-05 17:27:29', '1992-05-15 21:02:16');
INSERT INTO `media` (`id`, `media_type_id`, `user_id`, `body`, `filename`, `size`, `metadata`, `created_at`, `updated_at`) VALUES ('22', '22', '22', 'Sed eveniet accusantium eos rerum. Exercitationem ab repellat eaque et odit. Cum quisquam mollitia qui omnis. Saepe aut a doloremque quos quaerat maxime.', 'sit', 636078665, NULL, '2001-08-29 19:38:12', '1971-06-01 23:30:35');
INSERT INTO `media` (`id`, `media_type_id`, `user_id`, `body`, `filename`, `size`, `metadata`, `created_at`, `updated_at`) VALUES ('23', '23', '23', 'Minus nemo porro sint in dolores voluptatem commodi. Distinctio et animi occaecati error nemo. Culpa accusamus recusandae voluptates alias iste. Ea quis officia voluptatem et inventore consequatur corporis.', 'dolor', 866, NULL, '1986-03-05 11:48:03', '2004-04-21 00:23:11');
INSERT INTO `media` (`id`, `media_type_id`, `user_id`, `body`, `filename`, `size`, `metadata`, `created_at`, `updated_at`) VALUES ('24', '24', '24', 'Dolorem fugiat non omnis sed. Ut et repudiandae amet eum ducimus recusandae dolorem. Fuga enim est reprehenderit velit a et sequi. Ut provident veritatis voluptas reprehenderit non vel.', 'quisquam', 17145, NULL, '1981-10-27 19:54:46', '2002-10-04 06:40:38');
INSERT INTO `media` (`id`, `media_type_id`, `user_id`, `body`, `filename`, `size`, `metadata`, `created_at`, `updated_at`) VALUES ('25', '25', '25', 'Veritatis deserunt quisquam consequuntur eligendi non. Nihil sed mollitia debitis architecto numquam. Labore molestiae laudantium inventore explicabo. Necessitatibus explicabo beatae corrupti quam.', 'iusto', 9471655, NULL, '2007-10-17 18:36:53', '1986-07-31 10:20:53');
INSERT INTO `media` (`id`, `media_type_id`, `user_id`, `body`, `filename`, `size`, `metadata`, `created_at`, `updated_at`) VALUES ('26', '26', '26', 'In enim quisquam quod quas nihil. Qui odit molestiae est sunt. Voluptas voluptas eos beatae. Consequatur corrupti aspernatur hic praesentium.', 'voluptas', 3, NULL, '2000-08-23 18:47:44', '1989-04-25 17:27:45');
INSERT INTO `media` (`id`, `media_type_id`, `user_id`, `body`, `filename`, `size`, `metadata`, `created_at`, `updated_at`) VALUES ('27', '27', '27', 'Non est temporibus architecto minima eius. Animi culpa beatae saepe unde ut. Quod illo modi dolores at excepturi et.', 'omnis', 341, NULL, '2013-10-03 17:35:43', '1977-06-17 00:18:53');
INSERT INTO `media` (`id`, `media_type_id`, `user_id`, `body`, `filename`, `size`, `metadata`, `created_at`, `updated_at`) VALUES ('28', '28', '28', 'Dolore excepturi ea esse qui. Ducimus id sit sequi. Est reiciendis molestiae ad reiciendis officia quod. Sit id est natus saepe. Voluptatem nisi rerum ut aut ut dolores accusamus.', 'ad', 924, NULL, '1974-08-11 20:43:40', '2009-04-10 21:21:02');
INSERT INTO `media` (`id`, `media_type_id`, `user_id`, `body`, `filename`, `size`, `metadata`, `created_at`, `updated_at`) VALUES ('29', '29', '29', 'Repellat eos blanditiis voluptas quasi quae qui. Consequatur quidem sint vel autem magni aut dolores. Ab quidem repellat esse provident iure odio.', 'quidem', 514186, NULL, '1986-08-26 00:10:31', '2007-11-18 04:31:14');
INSERT INTO `media` (`id`, `media_type_id`, `user_id`, `body`, `filename`, `size`, `metadata`, `created_at`, `updated_at`) VALUES ('30', '30', '30', 'Itaque eaque fugiat accusamus incidunt saepe dicta rerum sed. Laudantium nulla sunt omnis voluptatem ipsa quo asperiores. Non minima beatae quam qui fugiat porro et. Ex quae laudantium et doloremque.', 'in', 892552693, NULL, '1986-12-29 14:52:53', '1974-06-15 10:23:10');
INSERT INTO `media` (`id`, `media_type_id`, `user_id`, `body`, `filename`, `size`, `metadata`, `created_at`, `updated_at`) VALUES ('31', '31', '31', 'Sed cumque neque iste laudantium maxime quis et assumenda. Eos et temporibus ipsam ea ipsa labore. Recusandae aperiam et iste id quibusdam aut veniam. Alias ut perspiciatis suscipit ullam quia.', 'sequi', 8, NULL, '1996-04-07 13:31:27', '2015-02-23 18:52:38');
INSERT INTO `media` (`id`, `media_type_id`, `user_id`, `body`, `filename`, `size`, `metadata`, `created_at`, `updated_at`) VALUES ('32', '32', '32', 'Quas dolores facilis quis. Laborum similique ipsam tempora. Esse blanditiis id autem libero. Eum magnam in reiciendis dicta numquam commodi maxime.', 'nemo', 842, NULL, '1976-10-21 16:34:31', '2014-09-11 21:54:35');
INSERT INTO `media` (`id`, `media_type_id`, `user_id`, `body`, `filename`, `size`, `metadata`, `created_at`, `updated_at`) VALUES ('33', '33', '33', 'Hic aut distinctio quia alias nesciunt voluptas. Non quo quia consequatur ut. Aut tenetur esse et voluptatibus est et velit. Aspernatur voluptatibus aperiam eos aut unde aut.', 'laboriosam', 9175, NULL, '1996-09-18 17:59:25', '1970-02-13 20:41:35');
INSERT INTO `media` (`id`, `media_type_id`, `user_id`, `body`, `filename`, `size`, `metadata`, `created_at`, `updated_at`) VALUES ('34', '34', '34', 'Deserunt reprehenderit earum vero ea ut accusamus veritatis fugiat. Culpa dignissimos cupiditate accusantium dolore est ducimus sapiente. Sit porro ratione voluptatem est magni.', 'suscipit', 26512, NULL, '2018-02-03 17:25:06', '1974-05-24 04:18:22');
INSERT INTO `media` (`id`, `media_type_id`, `user_id`, `body`, `filename`, `size`, `metadata`, `created_at`, `updated_at`) VALUES ('35', '35', '35', 'Suscipit consequatur accusantium ipsam minus laudantium labore. Qui voluptas itaque tenetur aspernatur dolore. Voluptas id nostrum ut laudantium.', 'ut', 0, NULL, '2008-11-13 21:57:51', '1999-03-30 19:08:09');
INSERT INTO `media` (`id`, `media_type_id`, `user_id`, `body`, `filename`, `size`, `metadata`, `created_at`, `updated_at`) VALUES ('36', '36', '36', 'Sapiente sed eaque ipsa id et tempore molestias omnis. Odio ut qui dolores natus praesentium.', 'error', 6654, NULL, '2007-04-12 05:31:18', '1984-08-28 01:41:18');
INSERT INTO `media` (`id`, `media_type_id`, `user_id`, `body`, `filename`, `size`, `metadata`, `created_at`, `updated_at`) VALUES ('37', '37', '37', 'Tempore nisi laudantium quam sequi aut. Qui eum praesentium sequi voluptatem deleniti vel mollitia tempore. Quia et labore labore quam. Praesentium deleniti cupiditate autem sunt ipsum.', 'sapiente', 6, NULL, '2011-10-27 14:12:54', '2013-07-31 12:48:32');
INSERT INTO `media` (`id`, `media_type_id`, `user_id`, `body`, `filename`, `size`, `metadata`, `created_at`, `updated_at`) VALUES ('38', '38', '38', 'Maiores qui qui temporibus consequatur quia nihil adipisci. Ducimus vel praesentium perferendis accusantium quisquam. Qui est in mollitia molestiae aut ea. Nesciunt necessitatibus est laudantium ut enim.', 'doloremque', 8766283, NULL, '1997-11-02 12:22:30', '2007-02-19 10:36:07');
INSERT INTO `media` (`id`, `media_type_id`, `user_id`, `body`, `filename`, `size`, `metadata`, `created_at`, `updated_at`) VALUES ('39', '39', '39', 'Commodi sed aspernatur quaerat adipisci esse ut consectetur. Repudiandae nisi fugit omnis quia non et ipsa. Pariatur unde sit corrupti est porro beatae non. Velit amet tenetur est odit ut. Earum ea molestiae voluptatem sit quisquam.', 'illum', 87433555, NULL, '1998-01-20 01:01:45', '1975-02-14 16:31:44');
INSERT INTO `media` (`id`, `media_type_id`, `user_id`, `body`, `filename`, `size`, `metadata`, `created_at`, `updated_at`) VALUES ('40', '40', '40', 'Unde voluptas voluptatibus occaecati dolor eligendi consequatur modi provident. Labore et qui dicta vitae et libero iste magni. Quis quia laborum laudantium velit. Iste consequatur est et voluptatibus officiis vitae.', 'sit', 75, NULL, '1980-07-28 08:04:46', '2007-08-02 08:44:05');
INSERT INTO `media` (`id`, `media_type_id`, `user_id`, `body`, `filename`, `size`, `metadata`, `created_at`, `updated_at`) VALUES ('41', '41', '41', 'Non atque quasi aliquam ut. Deleniti laudantium et ut fugit ut aliquam. Soluta reiciendis sit voluptates ullam excepturi quia. Est consequatur inventore debitis placeat. Neque et perspiciatis porro ut.', 'vero', 0, NULL, '1996-03-18 01:40:26', '2013-04-30 10:45:14');
INSERT INTO `media` (`id`, `media_type_id`, `user_id`, `body`, `filename`, `size`, `metadata`, `created_at`, `updated_at`) VALUES ('42', '42', '42', 'Est deleniti et velit molestiae fuga laudantium possimus quod. Eum consequatur et sed explicabo quas enim non. Voluptatem voluptate similique repellendus. Ullam ea sed ducimus modi magni iste odit laboriosam.', 'alias', 8303, NULL, '1986-01-04 18:14:08', '2007-02-20 20:31:32');
INSERT INTO `media` (`id`, `media_type_id`, `user_id`, `body`, `filename`, `size`, `metadata`, `created_at`, `updated_at`) VALUES ('43', '43', '43', 'Dolor tempora inventore assumenda id velit dolore a facilis. Sint quo voluptates deserunt voluptas. Minima sunt sunt et maxime atque.', 'expedita', 7332, NULL, '2014-01-15 16:15:04', '1976-07-17 22:29:46');
INSERT INTO `media` (`id`, `media_type_id`, `user_id`, `body`, `filename`, `size`, `metadata`, `created_at`, `updated_at`) VALUES ('44', '44', '44', 'Et accusamus atque nisi necessitatibus voluptates est sapiente eaque. Et provident magni omnis qui quia ipsa. Enim perspiciatis aut dolore eum ut magni. Aut error exercitationem et aut reprehenderit sequi. Ut dolorem iure id aliquam sed.', 'et', 124, NULL, '1977-06-20 17:35:56', '2000-04-19 16:16:31');
INSERT INTO `media` (`id`, `media_type_id`, `user_id`, `body`, `filename`, `size`, `metadata`, `created_at`, `updated_at`) VALUES ('45', '45', '45', 'Nulla quisquam ut eum. Iusto hic ut incidunt nisi. Voluptatem culpa ab suscipit aperiam porro amet reprehenderit. Et fuga qui doloribus consequatur vitae.', 'qui', 37509, NULL, '2005-09-09 02:51:35', '1973-09-06 05:00:54');
INSERT INTO `media` (`id`, `media_type_id`, `user_id`, `body`, `filename`, `size`, `metadata`, `created_at`, `updated_at`) VALUES ('46', '46', '46', 'Voluptas non corrupti tempora aut deserunt sit maiores. Vel vero consequuntur quo. Libero consectetur repudiandae ut vitae est quos aperiam.', 'vitae', 0, NULL, '1992-07-20 09:24:14', '1997-03-14 01:54:45');
INSERT INTO `media` (`id`, `media_type_id`, `user_id`, `body`, `filename`, `size`, `metadata`, `created_at`, `updated_at`) VALUES ('47', '47', '47', 'Similique autem at maxime excepturi consequatur voluptates eum. Eos molestiae minus vel iure enim itaque. Et voluptatem quam fugiat culpa rerum non.', 'omnis', 247, NULL, '1985-07-09 14:12:06', '2018-09-17 11:24:24');
INSERT INTO `media` (`id`, `media_type_id`, `user_id`, `body`, `filename`, `size`, `metadata`, `created_at`, `updated_at`) VALUES ('48', '48', '48', 'Autem animi minus incidunt iusto laborum molestias. Totam omnis earum magnam accusantium quisquam. Illum numquam est voluptas inventore non. Consequatur quia esse minus sint et ipsam necessitatibus.', 'provident', 853357844, NULL, '1974-02-19 10:16:21', '1997-01-13 02:26:21');
INSERT INTO `media` (`id`, `media_type_id`, `user_id`, `body`, `filename`, `size`, `metadata`, `created_at`, `updated_at`) VALUES ('49', '49', '49', 'Nesciunt quod velit dicta neque porro. Iusto alias et inventore harum dicta odio nihil molestias. Veniam consequuntur non esse est est voluptatem labore numquam.', 'dolores', 361004892, NULL, '1988-03-30 12:57:29', '1997-01-08 14:56:59');
INSERT INTO `media` (`id`, `media_type_id`, `user_id`, `body`, `filename`, `size`, `metadata`, `created_at`, `updated_at`) VALUES ('50', '50', '50', 'Rerum nam repellat sit optio eligendi similique ab. Alias in sit quia sit ut doloribus voluptatem. Dolorem sunt quis cum vel.', 'aut', 69, NULL, '2002-07-20 18:29:36', '2010-03-29 12:17:13');
INSERT INTO `media` (`id`, `media_type_id`, `user_id`, `body`, `filename`, `size`, `metadata`, `created_at`, `updated_at`) VALUES ('51', '51', '51', 'Non delectus nostrum sint commodi impedit. Nostrum vel sit et. Voluptas maxime et optio placeat. Quos placeat natus est.', 'a', 16873, NULL, '2012-02-12 12:53:43', '1999-06-14 03:23:18');
INSERT INTO `media` (`id`, `media_type_id`, `user_id`, `body`, `filename`, `size`, `metadata`, `created_at`, `updated_at`) VALUES ('52', '52', '52', 'Et quis ipsum nulla molestias. Numquam eos sapiente aliquid accusamus maxime. Est esse eveniet quam.', 'aut', 2, NULL, '1996-10-27 01:12:02', '2007-01-24 03:06:04');
INSERT INTO `media` (`id`, `media_type_id`, `user_id`, `body`, `filename`, `size`, `metadata`, `created_at`, `updated_at`) VALUES ('53', '53', '53', 'Quidem ad enim et sunt veniam. Magnam possimus rerum atque voluptates dolor delectus dolorum est. Eveniet voluptatibus nostrum quis excepturi.', 'optio', 986, NULL, '1972-11-09 20:56:51', '2006-01-28 05:49:43');
INSERT INTO `media` (`id`, `media_type_id`, `user_id`, `body`, `filename`, `size`, `metadata`, `created_at`, `updated_at`) VALUES ('54', '54', '54', 'Autem sed ut exercitationem reiciendis omnis assumenda quas. Voluptatem omnis est quibusdam. Sit aut culpa molestiae hic eos. Voluptatem quod incidunt ea optio.', 'veritatis', 66017, NULL, '2014-10-24 03:00:51', '1998-10-22 03:06:11');
INSERT INTO `media` (`id`, `media_type_id`, `user_id`, `body`, `filename`, `size`, `metadata`, `created_at`, `updated_at`) VALUES ('55', '55', '55', 'Saepe sed magnam est quis repellendus. Qui eum qui ad mollitia praesentium. Voluptatem magnam nihil quisquam et. Atque quia omnis sed vel non consequatur eius.', 'pariatur', 4, NULL, '2001-11-08 17:33:55', '2017-08-07 20:19:23');
INSERT INTO `media` (`id`, `media_type_id`, `user_id`, `body`, `filename`, `size`, `metadata`, `created_at`, `updated_at`) VALUES ('56', '56', '56', 'Earum et consequatur et nihil mollitia. Nisi itaque non quibusdam. Hic corrupti aperiam explicabo et ab mollitia. Excepturi possimus tempora perferendis voluptatum.', 'distinctio', 7210, NULL, '2011-05-09 21:31:25', '1997-04-08 19:16:01');
INSERT INTO `media` (`id`, `media_type_id`, `user_id`, `body`, `filename`, `size`, `metadata`, `created_at`, `updated_at`) VALUES ('57', '57', '57', 'Eos ut velit est deleniti. Ut est aut eos ea quae aliquid. Esse fuga libero ipsum quos. Et impedit asperiores molestias itaque.', 'perferendis', 459582, NULL, '1991-05-29 13:38:09', '2014-04-27 05:16:52');
INSERT INTO `media` (`id`, `media_type_id`, `user_id`, `body`, `filename`, `size`, `metadata`, `created_at`, `updated_at`) VALUES ('58', '58', '58', 'Laborum dolorem occaecati delectus velit debitis a. Voluptatem accusantium molestiae omnis qui perspiciatis a sit. Iusto exercitationem neque est esse voluptatem voluptas. Dolorum non repellendus et molestias doloribus.', 'eos', 4, NULL, '1987-02-12 01:39:28', '1970-02-13 21:17:23');
INSERT INTO `media` (`id`, `media_type_id`, `user_id`, `body`, `filename`, `size`, `metadata`, `created_at`, `updated_at`) VALUES ('59', '59', '59', 'Est facere repudiandae omnis mollitia laboriosam debitis sit reiciendis. Enim hic perspiciatis qui suscipit.', 'rerum', 1281879, NULL, '1994-01-08 07:46:56', '1998-01-15 01:38:16');
INSERT INTO `media` (`id`, `media_type_id`, `user_id`, `body`, `filename`, `size`, `metadata`, `created_at`, `updated_at`) VALUES ('60', '60', '60', 'Vero dolores et architecto nobis numquam quas magni. Provident et exercitationem odit nihil.', 'rerum', 0, NULL, '1989-03-11 09:53:23', '1983-03-15 14:58:09');
INSERT INTO `media` (`id`, `media_type_id`, `user_id`, `body`, `filename`, `size`, `metadata`, `created_at`, `updated_at`) VALUES ('61', '61', '61', 'Ut nemo ea repellat harum repellendus ad vitae. Iusto nihil qui est. Eligendi neque ullam ea consectetur facere eveniet labore.', 'et', 42255042, NULL, '2011-01-19 02:47:29', '1970-06-27 11:58:27');
INSERT INTO `media` (`id`, `media_type_id`, `user_id`, `body`, `filename`, `size`, `metadata`, `created_at`, `updated_at`) VALUES ('62', '62', '62', 'Dolorum minus et nemo non incidunt ipsa dolorem. Mollitia odio unde delectus quasi ducimus omnis. Repudiandae repudiandae cum illum amet architecto.', 'laudantium', 173, NULL, '2018-11-10 11:12:03', '2018-06-21 21:33:27');
INSERT INTO `media` (`id`, `media_type_id`, `user_id`, `body`, `filename`, `size`, `metadata`, `created_at`, `updated_at`) VALUES ('63', '63', '63', 'Est ut nisi laboriosam vitae a atque. Ducimus quibusdam aspernatur blanditiis nobis quas vero ipsum sint. Quod non eum doloremque voluptatum vitae. Eius consequuntur exercitationem laborum blanditiis perferendis et.', 'sit', 92962, NULL, '2004-01-20 02:10:43', '2016-10-22 22:20:14');
INSERT INTO `media` (`id`, `media_type_id`, `user_id`, `body`, `filename`, `size`, `metadata`, `created_at`, `updated_at`) VALUES ('64', '64', '64', 'Omnis hic nisi nihil quidem sapiente numquam soluta. Exercitationem asperiores aut quod omnis dicta. Eos architecto earum aut laboriosam et et enim aliquam.', 'error', 0, NULL, '1992-11-06 11:19:39', '2008-01-13 14:28:32');
INSERT INTO `media` (`id`, `media_type_id`, `user_id`, `body`, `filename`, `size`, `metadata`, `created_at`, `updated_at`) VALUES ('65', '65', '65', 'Nulla ab deleniti nihil nemo enim. Assumenda enim ab ea quos nesciunt magni. Velit ut rerum esse.', 'nam', 86025617, NULL, '1977-10-29 18:11:53', '1996-06-24 13:06:46');
INSERT INTO `media` (`id`, `media_type_id`, `user_id`, `body`, `filename`, `size`, `metadata`, `created_at`, `updated_at`) VALUES ('66', '66', '66', 'Ut consectetur dolorum nihil quis esse facere sit. Fugiat quidem fugit dolorem aut voluptatem vel provident. Excepturi sapiente cum et quia. Eum voluptatibus consequatur accusamus corrupti.', 'laboriosam', 9, NULL, '1985-05-14 21:23:08', '1997-09-27 05:14:17');
INSERT INTO `media` (`id`, `media_type_id`, `user_id`, `body`, `filename`, `size`, `metadata`, `created_at`, `updated_at`) VALUES ('67', '67', '67', 'Est expedita doloremque quos incidunt expedita rerum. Sit velit et eum reiciendis dolorum. Animi aut dolor natus incidunt. Aliquam amet adipisci exercitationem in animi minima nobis est.', 'necessitatibus', 9461502, NULL, '2010-06-17 11:16:56', '2008-03-25 15:07:12');
INSERT INTO `media` (`id`, `media_type_id`, `user_id`, `body`, `filename`, `size`, `metadata`, `created_at`, `updated_at`) VALUES ('68', '68', '68', 'Adipisci laboriosam totam ratione distinctio sapiente fugit. Omnis quidem non et est maxime quia. Illum aut corporis enim molestiae ut.', 'eveniet', 6981, NULL, '1985-01-18 08:26:48', '1988-09-01 05:02:47');
INSERT INTO `media` (`id`, `media_type_id`, `user_id`, `body`, `filename`, `size`, `metadata`, `created_at`, `updated_at`) VALUES ('69', '69', '69', 'Nobis ipsam praesentium aut ipsam sed. Minus eligendi animi sapiente adipisci.', 'vitae', 334428, NULL, '2000-10-03 19:13:55', '1996-01-13 10:47:47');
INSERT INTO `media` (`id`, `media_type_id`, `user_id`, `body`, `filename`, `size`, `metadata`, `created_at`, `updated_at`) VALUES ('70', '70', '70', 'Voluptas tempora impedit sint adipisci. Enim illum nisi fugit esse a dolorem. Perferendis deserunt nihil dicta ipsum. Saepe quaerat ut quidem est.', 'debitis', 40462, NULL, '2008-12-05 11:15:41', '2010-03-30 03:00:35');
INSERT INTO `media` (`id`, `media_type_id`, `user_id`, `body`, `filename`, `size`, `metadata`, `created_at`, `updated_at`) VALUES ('71', '71', '71', 'Sed ut vero eaque asperiores perspiciatis occaecati voluptas aut. Aut ea recusandae ut omnis rerum qui. Voluptatem quam labore qui molestias nesciunt autem.', 'enim', 0, NULL, '1982-06-13 06:17:37', '1989-05-04 04:45:38');
INSERT INTO `media` (`id`, `media_type_id`, `user_id`, `body`, `filename`, `size`, `metadata`, `created_at`, `updated_at`) VALUES ('72', '72', '72', 'Omnis magnam quis est molestiae laboriosam accusamus recusandae quo. Voluptatem voluptatum autem id natus voluptates.', 'libero', 71090, NULL, '1992-05-01 06:53:34', '2009-11-23 07:33:08');
INSERT INTO `media` (`id`, `media_type_id`, `user_id`, `body`, `filename`, `size`, `metadata`, `created_at`, `updated_at`) VALUES ('73', '73', '73', 'Ex et enim aliquid est. Quia deleniti omnis temporibus libero ea quam in. Tenetur accusamus qui qui magnam iure. Esse minus minima ut nam nostrum expedita accusantium.', 'dolor', 667, NULL, '1979-08-26 20:33:11', '1980-12-21 11:43:04');
INSERT INTO `media` (`id`, `media_type_id`, `user_id`, `body`, `filename`, `size`, `metadata`, `created_at`, `updated_at`) VALUES ('74', '74', '74', 'Sed sunt quam quibusdam distinctio. Unde nemo facilis veniam voluptate aut quis minima. Molestias ut rerum quia ut ex fugit. Tempore et incidunt velit.', 'quas', 145, NULL, '1983-04-29 13:43:01', '2007-07-09 14:15:06');
INSERT INTO `media` (`id`, `media_type_id`, `user_id`, `body`, `filename`, `size`, `metadata`, `created_at`, `updated_at`) VALUES ('75', '75', '75', 'Fugiat recusandae aliquid cupiditate eos. Eum ut necessitatibus accusamus inventore est culpa. Ea eligendi ad eligendi quasi qui ad. Provident sunt labore consequuntur a.', 'qui', 515410, NULL, '1988-06-20 13:40:53', '2003-02-03 12:36:15');
INSERT INTO `media` (`id`, `media_type_id`, `user_id`, `body`, `filename`, `size`, `metadata`, `created_at`, `updated_at`) VALUES ('76', '76', '76', 'Sapiente dolor aut consequatur ratione quia quo. Eligendi fugiat dolor consequatur ea in enim ut omnis. Asperiores nostrum sed non.', 'necessitatibus', 30, NULL, '1977-01-08 13:16:25', '1996-04-26 15:41:22');
INSERT INTO `media` (`id`, `media_type_id`, `user_id`, `body`, `filename`, `size`, `metadata`, `created_at`, `updated_at`) VALUES ('77', '77', '77', 'Excepturi est laboriosam impedit temporibus iste. Corrupti delectus nobis aliquid nulla qui.', 'inventore', 13, NULL, '2018-07-29 01:43:44', '2014-05-11 08:22:24');
INSERT INTO `media` (`id`, `media_type_id`, `user_id`, `body`, `filename`, `size`, `metadata`, `created_at`, `updated_at`) VALUES ('78', '78', '78', 'Quia perspiciatis ea modi quam consequuntur. Quaerat omnis unde consequatur non. Voluptas esse voluptatem quos officiis sit. Aperiam est possimus neque esse velit sit.', 'possimus', 5486, NULL, '1981-04-06 11:09:12', '1977-02-25 06:30:22');
INSERT INTO `media` (`id`, `media_type_id`, `user_id`, `body`, `filename`, `size`, `metadata`, `created_at`, `updated_at`) VALUES ('79', '79', '79', 'Quia a quaerat est provident maiores aperiam suscipit. Mollitia optio quia placeat. Eos laborum voluptatem ex corporis.', 'et', 772909199, NULL, '1987-08-20 07:26:39', '1978-04-28 00:18:20');
INSERT INTO `media` (`id`, `media_type_id`, `user_id`, `body`, `filename`, `size`, `metadata`, `created_at`, `updated_at`) VALUES ('80', '80', '80', 'Esse quam eligendi iste. Voluptates dolores doloribus vitae et voluptates autem veniam nihil.', 'qui', 542349, NULL, '2015-07-08 11:15:52', '1972-07-29 07:44:11');
INSERT INTO `media` (`id`, `media_type_id`, `user_id`, `body`, `filename`, `size`, `metadata`, `created_at`, `updated_at`) VALUES ('81', '81', '81', 'Officiis sunt exercitationem aut fugiat temporibus voluptatem commodi rerum. Ea exercitationem aut voluptates rerum aspernatur totam ut. Fugit vel labore quos quam sint error.', 'tempora', 862297905, NULL, '2016-04-18 19:40:51', '1993-05-20 20:43:02');
INSERT INTO `media` (`id`, `media_type_id`, `user_id`, `body`, `filename`, `size`, `metadata`, `created_at`, `updated_at`) VALUES ('82', '82', '82', 'Eos explicabo non alias voluptatem. Earum dicta natus aut eum beatae labore ex. Magnam exercitationem voluptas nemo debitis aut.', 'mollitia', 118665744, NULL, '1985-08-18 07:42:53', '2018-04-15 03:21:58');
INSERT INTO `media` (`id`, `media_type_id`, `user_id`, `body`, `filename`, `size`, `metadata`, `created_at`, `updated_at`) VALUES ('83', '83', '83', 'Nobis maiores corrupti exercitationem ducimus unde vero iure. Id consectetur quis repudiandae eos similique non. Possimus dolores vel accusantium similique.', 'ratione', 0, NULL, '1994-12-03 06:05:43', '2016-07-24 08:31:09');
INSERT INTO `media` (`id`, `media_type_id`, `user_id`, `body`, `filename`, `size`, `metadata`, `created_at`, `updated_at`) VALUES ('84', '84', '84', 'Repellat eos voluptatem consequuntur mollitia non. Accusantium et qui sed.', 'distinctio', 0, NULL, '1981-09-20 14:20:47', '2017-03-11 07:30:18');
INSERT INTO `media` (`id`, `media_type_id`, `user_id`, `body`, `filename`, `size`, `metadata`, `created_at`, `updated_at`) VALUES ('85', '85', '85', 'Maiores rem vitae vero dolorem in accusamus vero. Deleniti non sint aut eum rem eveniet aliquam. Praesentium nisi totam soluta maiores quia eum suscipit.', 'ut', 4, NULL, '1988-06-19 14:26:16', '1985-07-01 17:34:36');
INSERT INTO `media` (`id`, `media_type_id`, `user_id`, `body`, `filename`, `size`, `metadata`, `created_at`, `updated_at`) VALUES ('86', '86', '86', 'Numquam iure sunt sed. Fuga ipsa consequuntur id quibusdam facere aut. Consequatur hic consequatur placeat suscipit accusamus.', 'veniam', 8407437, NULL, '1984-09-03 05:08:11', '2011-01-04 10:05:49');
INSERT INTO `media` (`id`, `media_type_id`, `user_id`, `body`, `filename`, `size`, `metadata`, `created_at`, `updated_at`) VALUES ('87', '87', '87', 'Corporis maiores ex voluptatibus consequuntur ut quidem. Cumque modi reiciendis debitis ducimus.', 'vero', 0, NULL, '1983-01-05 21:10:03', '1996-11-09 20:16:36');
INSERT INTO `media` (`id`, `media_type_id`, `user_id`, `body`, `filename`, `size`, `metadata`, `created_at`, `updated_at`) VALUES ('88', '88', '88', 'Nihil illum tempore assumenda quo. Incidunt amet ea voluptatem ex. Consequatur quisquam minus quae voluptate eos quidem. Aut quia animi necessitatibus et possimus.', 'dolores', 143, NULL, '1994-01-11 04:30:27', '2016-08-31 20:25:09');
INSERT INTO `media` (`id`, `media_type_id`, `user_id`, `body`, `filename`, `size`, `metadata`, `created_at`, `updated_at`) VALUES ('89', '89', '89', 'Omnis voluptatem fugiat ducimus quos. Quasi iure nemo repellat doloremque error. Eius quae incidunt possimus earum omnis omnis voluptas. Fugit sit et consequatur explicabo.', 'voluptatem', 998175, NULL, '2020-04-16 14:28:42', '1970-08-29 09:27:15');
INSERT INTO `media` (`id`, `media_type_id`, `user_id`, `body`, `filename`, `size`, `metadata`, `created_at`, `updated_at`) VALUES ('90', '90', '90', 'Ut qui atque illo consequatur. Iusto aut a dignissimos sit asperiores quis. Aspernatur dolores vitae illo odio.', 'dolores', 908, NULL, '1999-11-24 23:53:04', '1993-03-20 04:27:45');
INSERT INTO `media` (`id`, `media_type_id`, `user_id`, `body`, `filename`, `size`, `metadata`, `created_at`, `updated_at`) VALUES ('91', '91', '91', 'Dolorem maxime voluptas a quis suscipit consequatur rerum. Ipsa voluptatem ut dignissimos deleniti eos vitae.', 'nulla', 2366379, NULL, '1992-11-16 12:49:04', '2009-11-22 11:46:15');
INSERT INTO `media` (`id`, `media_type_id`, `user_id`, `body`, `filename`, `size`, `metadata`, `created_at`, `updated_at`) VALUES ('92', '92', '92', 'Ea doloribus sunt consequatur vero mollitia ipsum. Sed inventore autem laudantium enim ea et. Quidem ut voluptas facere aliquid et fugit.', 'rerum', 66027, NULL, '1975-09-06 01:24:51', '2014-12-26 17:59:19');
INSERT INTO `media` (`id`, `media_type_id`, `user_id`, `body`, `filename`, `size`, `metadata`, `created_at`, `updated_at`) VALUES ('93', '93', '93', 'Necessitatibus debitis voluptatem et id aut occaecati suscipit. Ullam et ut assumenda et laboriosam nihil enim. Non rerum consectetur suscipit consequatur occaecati.', 'quod', 21719, NULL, '1998-09-22 15:48:44', '1991-07-05 21:02:52');
INSERT INTO `media` (`id`, `media_type_id`, `user_id`, `body`, `filename`, `size`, `metadata`, `created_at`, `updated_at`) VALUES ('94', '94', '94', 'Amet numquam aut maxime dolor atque fugit. Cum et inventore totam occaecati et assumenda repudiandae. Necessitatibus perferendis reiciendis exercitationem voluptas asperiores. Ut adipisci dolorem eum perferendis iste.', 'quis', 33, NULL, '1994-09-12 17:21:27', '1982-10-19 12:28:09');
INSERT INTO `media` (`id`, `media_type_id`, `user_id`, `body`, `filename`, `size`, `metadata`, `created_at`, `updated_at`) VALUES ('95', '95', '95', 'Et quisquam qui sunt dolore. Voluptatem accusantium temporibus et porro aut incidunt. Sed autem ut voluptatem fugiat atque amet neque. Velit soluta rerum impedit explicabo voluptas. Pariatur voluptatem provident non libero magni.', 'beatae', 394168, NULL, '1986-06-13 08:53:52', '1978-05-31 20:31:39');
INSERT INTO `media` (`id`, `media_type_id`, `user_id`, `body`, `filename`, `size`, `metadata`, `created_at`, `updated_at`) VALUES ('96', '96', '96', 'Ut ab est laboriosam totam quia cupiditate. Quia exercitationem qui possimus nam praesentium et. Officiis rerum asperiores nesciunt beatae sit. Non nemo praesentium iste distinctio voluptate asperiores vero facilis.', 'debitis', 6593, NULL, '2008-06-13 13:49:20', '1989-04-15 01:08:47');
INSERT INTO `media` (`id`, `media_type_id`, `user_id`, `body`, `filename`, `size`, `metadata`, `created_at`, `updated_at`) VALUES ('97', '97', '97', 'Sapiente facilis nam commodi dolorem. Soluta at enim id impedit numquam. Blanditiis velit sit perferendis pariatur rerum id. Velit ut ut sunt.', 'non', 955573, NULL, '1997-09-21 17:08:37', '1973-03-12 04:05:55');
INSERT INTO `media` (`id`, `media_type_id`, `user_id`, `body`, `filename`, `size`, `metadata`, `created_at`, `updated_at`) VALUES ('98', '98', '98', 'Veritatis aut velit vero eos non similique praesentium. Culpa consectetur quaerat non ipsum. Illo ipsa totam atque quo eveniet. Et sit at rem fugit quas delectus quo. Eligendi omnis omnis soluta possimus exercitationem.', 'eum', 4908, NULL, '1979-04-24 13:12:19', '1995-07-27 05:34:53');
INSERT INTO `media` (`id`, `media_type_id`, `user_id`, `body`, `filename`, `size`, `metadata`, `created_at`, `updated_at`) VALUES ('99', '99', '99', 'Quia ullam libero nemo maxime voluptatem hic. Maxime autem aut ab fuga ea et omnis officiis. Veritatis blanditiis aut iure. Autem qui eum est et repellendus sit.', 'officia', 2, NULL, '2019-07-02 15:24:26', '2017-10-13 04:50:44');
INSERT INTO `media` (`id`, `media_type_id`, `user_id`, `body`, `filename`, `size`, `metadata`, `created_at`, `updated_at`) VALUES ('100', '100', '100', 'Modi deleniti voluptatem soluta odio. Sit cupiditate et recusandae et minima. Id rerum deleniti doloribus vel rerum id. Laborum voluptatum consequatur dicta eveniet.', 'quisquam', 0, NULL, '2019-10-08 12:01:47', '2007-06-09 12:54:56');


#
# TABLE STRUCTURE FOR: media_types
#

CREATE table if not exists `media_types` (
  `id` bigint(20) unsigned NOT NULL AUTO_INCREMENT,
  `name` varchar(255) COLLATE utf8_unicode_ci DEFAULT NULL,
  `created_at` datetime DEFAULT current_timestamp(),
  `updated_at` datetime DEFAULT current_timestamp() ON UPDATE current_timestamp(),
  PRIMARY KEY (`id`)
) ENGINE=InnoDB AUTO_INCREMENT=101 DEFAULT CHARSET=utf8 COLLATE=utf8_unicode_ci;

INSERT INTO `media_types` (`id`, `name`, `created_at`, `updated_at`) VALUES ('1', 'deserunt', '2019-12-22 04:36:08', '1978-03-15 16:31:15');
INSERT INTO `media_types` (`id`, `name`, `created_at`, `updated_at`) VALUES ('2', 'repudiandae', '1981-06-27 16:54:53', '1998-07-17 03:20:17');
INSERT INTO `media_types` (`id`, `name`, `created_at`, `updated_at`) VALUES ('3', 'sapiente', '2015-10-27 05:30:24', '1984-10-04 12:26:41');
INSERT INTO `media_types` (`id`, `name`, `created_at`, `updated_at`) VALUES ('4', 'et', '2019-05-27 20:31:44', '2019-12-30 00:22:57');
INSERT INTO `media_types` (`id`, `name`, `created_at`, `updated_at`) VALUES ('5', 'ipsum', '1979-01-29 15:14:03', '2018-08-24 11:02:55');
INSERT INTO `media_types` (`id`, `name`, `created_at`, `updated_at`) VALUES ('6', 'ab', '1993-03-08 20:40:54', '1971-12-21 14:49:13');
INSERT INTO `media_types` (`id`, `name`, `created_at`, `updated_at`) VALUES ('7', 'sed', '1995-01-16 15:50:14', '1984-07-04 21:26:16');
INSERT INTO `media_types` (`id`, `name`, `created_at`, `updated_at`) VALUES ('8', 'provident', '1980-02-02 20:19:34', '2007-07-26 11:33:19');
INSERT INTO `media_types` (`id`, `name`, `created_at`, `updated_at`) VALUES ('9', 'excepturi', '1992-08-21 19:31:09', '1983-08-14 02:10:39');
INSERT INTO `media_types` (`id`, `name`, `created_at`, `updated_at`) VALUES ('10', 'quis', '1988-10-25 22:52:55', '1977-11-13 16:36:56');
INSERT INTO `media_types` (`id`, `name`, `created_at`, `updated_at`) VALUES ('11', 'inventore', '2001-02-24 11:24:18', '1995-07-19 22:19:16');
INSERT INTO `media_types` (`id`, `name`, `created_at`, `updated_at`) VALUES ('12', 'praesentium', '1997-02-09 21:33:00', '2002-04-11 07:55:43');
INSERT INTO `media_types` (`id`, `name`, `created_at`, `updated_at`) VALUES ('13', 'optio', '1970-07-20 13:07:31', '2000-04-17 08:37:28');
INSERT INTO `media_types` (`id`, `name`, `created_at`, `updated_at`) VALUES ('14', 'sequi', '1998-01-01 21:39:15', '1977-03-23 08:36:39');
INSERT INTO `media_types` (`id`, `name`, `created_at`, `updated_at`) VALUES ('15', 'pariatur', '1978-08-23 15:29:50', '2017-12-14 09:50:49');
INSERT INTO `media_types` (`id`, `name`, `created_at`, `updated_at`) VALUES ('16', 'aut', '1996-01-04 02:18:33', '1973-01-10 09:27:18');
INSERT INTO `media_types` (`id`, `name`, `created_at`, `updated_at`) VALUES ('17', 'ut', '1974-11-13 05:15:56', '1997-06-26 22:54:30');
INSERT INTO `media_types` (`id`, `name`, `created_at`, `updated_at`) VALUES ('18', 'earum', '1984-10-25 18:25:54', '1978-08-19 11:20:26');
INSERT INTO `media_types` (`id`, `name`, `created_at`, `updated_at`) VALUES ('19', 'numquam', '2006-08-12 05:44:51', '2006-05-14 04:52:38');
INSERT INTO `media_types` (`id`, `name`, `created_at`, `updated_at`) VALUES ('20', 'odio', '2011-10-19 18:40:29', '1977-11-02 13:07:53');
INSERT INTO `media_types` (`id`, `name`, `created_at`, `updated_at`) VALUES ('21', 'ipsum', '2011-12-18 23:04:08', '2010-04-12 20:11:21');
INSERT INTO `media_types` (`id`, `name`, `created_at`, `updated_at`) VALUES ('22', 'quod', '1988-06-29 11:35:45', '1992-09-13 19:42:03');
INSERT INTO `media_types` (`id`, `name`, `created_at`, `updated_at`) VALUES ('23', 'sint', '1991-05-17 01:59:34', '2015-03-20 20:33:03');
INSERT INTO `media_types` (`id`, `name`, `created_at`, `updated_at`) VALUES ('24', 'rerum', '2007-09-15 07:24:41', '2003-06-28 16:06:16');
INSERT INTO `media_types` (`id`, `name`, `created_at`, `updated_at`) VALUES ('25', 'et', '1978-01-11 11:05:16', '2011-03-10 23:43:47');
INSERT INTO `media_types` (`id`, `name`, `created_at`, `updated_at`) VALUES ('26', 'et', '2003-01-20 20:26:31', '1989-07-17 11:44:46');
INSERT INTO `media_types` (`id`, `name`, `created_at`, `updated_at`) VALUES ('27', 'voluptas', '1977-12-13 04:31:00', '1975-10-26 04:42:14');
INSERT INTO `media_types` (`id`, `name`, `created_at`, `updated_at`) VALUES ('28', 'necessitatibus', '1994-01-28 17:01:58', '1973-02-12 17:30:12');
INSERT INTO `media_types` (`id`, `name`, `created_at`, `updated_at`) VALUES ('29', 'est', '2006-02-25 11:56:38', '1985-10-06 15:25:16');
INSERT INTO `media_types` (`id`, `name`, `created_at`, `updated_at`) VALUES ('30', 'deserunt', '1990-03-17 01:52:43', '1983-04-22 03:40:43');
INSERT INTO `media_types` (`id`, `name`, `created_at`, `updated_at`) VALUES ('31', 'similique', '2011-08-09 06:57:24', '1976-07-12 06:15:05');
INSERT INTO `media_types` (`id`, `name`, `created_at`, `updated_at`) VALUES ('32', 'consequatur', '2002-07-07 23:13:18', '1982-12-22 22:25:47');
INSERT INTO `media_types` (`id`, `name`, `created_at`, `updated_at`) VALUES ('33', 'consequuntur', '2002-09-23 07:02:28', '1975-06-07 04:58:50');
INSERT INTO `media_types` (`id`, `name`, `created_at`, `updated_at`) VALUES ('34', 'nemo', '2007-05-26 21:39:24', '2007-08-19 03:45:18');
INSERT INTO `media_types` (`id`, `name`, `created_at`, `updated_at`) VALUES ('35', 'ea', '1997-06-10 22:28:52', '2001-10-13 09:54:56');
INSERT INTO `media_types` (`id`, `name`, `created_at`, `updated_at`) VALUES ('36', 'id', '1998-01-15 01:54:31', '2017-09-28 10:57:56');
INSERT INTO `media_types` (`id`, `name`, `created_at`, `updated_at`) VALUES ('37', 'necessitatibus', '2013-10-20 00:54:42', '1972-05-29 13:54:27');
INSERT INTO `media_types` (`id`, `name`, `created_at`, `updated_at`) VALUES ('38', 'esse', '2007-09-27 09:21:29', '1982-10-24 19:09:05');
INSERT INTO `media_types` (`id`, `name`, `created_at`, `updated_at`) VALUES ('39', 'cumque', '1988-04-04 14:48:11', '2012-03-17 19:05:41');
INSERT INTO `media_types` (`id`, `name`, `created_at`, `updated_at`) VALUES ('40', 'sed', '1977-01-31 09:35:35', '2006-02-12 12:09:37');
INSERT INTO `media_types` (`id`, `name`, `created_at`, `updated_at`) VALUES ('41', 'delectus', '2013-12-13 00:03:12', '1982-03-04 04:55:17');
INSERT INTO `media_types` (`id`, `name`, `created_at`, `updated_at`) VALUES ('42', 'est', '2004-12-10 15:38:05', '1994-07-29 14:52:19');
INSERT INTO `media_types` (`id`, `name`, `created_at`, `updated_at`) VALUES ('43', 'numquam', '2000-12-22 01:48:16', '1983-01-08 09:31:55');
INSERT INTO `media_types` (`id`, `name`, `created_at`, `updated_at`) VALUES ('44', 'tempore', '1994-12-24 19:27:04', '2013-03-16 08:19:46');
INSERT INTO `media_types` (`id`, `name`, `created_at`, `updated_at`) VALUES ('45', 'iste', '1982-09-30 18:25:38', '1970-06-09 12:48:09');
INSERT INTO `media_types` (`id`, `name`, `created_at`, `updated_at`) VALUES ('46', 'eos', '2008-12-30 20:13:26', '2010-09-28 23:22:18');
INSERT INTO `media_types` (`id`, `name`, `created_at`, `updated_at`) VALUES ('47', 'illum', '2014-09-09 14:32:08', '2006-02-04 06:57:18');
INSERT INTO `media_types` (`id`, `name`, `created_at`, `updated_at`) VALUES ('48', 'quia', '2001-06-15 20:01:07', '2013-04-17 11:56:32');
INSERT INTO `media_types` (`id`, `name`, `created_at`, `updated_at`) VALUES ('49', 'consequuntur', '1986-01-27 07:01:33', '2004-04-27 17:31:04');
INSERT INTO `media_types` (`id`, `name`, `created_at`, `updated_at`) VALUES ('50', 'id', '1991-01-29 20:33:59', '2009-11-12 14:49:20');
INSERT INTO `media_types` (`id`, `name`, `created_at`, `updated_at`) VALUES ('51', 'qui', '1980-07-17 03:36:27', '2003-07-03 18:31:18');
INSERT INTO `media_types` (`id`, `name`, `created_at`, `updated_at`) VALUES ('52', 'pariatur', '2013-08-03 20:39:37', '2009-12-23 04:54:19');
INSERT INTO `media_types` (`id`, `name`, `created_at`, `updated_at`) VALUES ('53', 'iusto', '2018-11-27 03:31:02', '1970-10-14 15:12:08');
INSERT INTO `media_types` (`id`, `name`, `created_at`, `updated_at`) VALUES ('54', 'deleniti', '1977-04-23 18:19:09', '1975-02-15 14:03:40');
INSERT INTO `media_types` (`id`, `name`, `created_at`, `updated_at`) VALUES ('55', 'dolor', '2011-08-05 06:43:09', '2003-03-24 23:12:29');
INSERT INTO `media_types` (`id`, `name`, `created_at`, `updated_at`) VALUES ('56', 'quod', '1981-11-21 00:19:29', '1977-04-24 02:53:34');
INSERT INTO `media_types` (`id`, `name`, `created_at`, `updated_at`) VALUES ('57', 'temporibus', '1993-05-10 07:39:54', '1980-07-22 22:14:39');
INSERT INTO `media_types` (`id`, `name`, `created_at`, `updated_at`) VALUES ('58', 'nobis', '2004-03-11 15:03:05', '2005-10-11 21:30:24');
INSERT INTO `media_types` (`id`, `name`, `created_at`, `updated_at`) VALUES ('59', 'quasi', '1979-08-28 19:58:22', '1976-11-28 17:32:22');
INSERT INTO `media_types` (`id`, `name`, `created_at`, `updated_at`) VALUES ('60', 'ab', '2019-12-23 13:22:52', '1997-06-25 08:16:04');
INSERT INTO `media_types` (`id`, `name`, `created_at`, `updated_at`) VALUES ('61', 'modi', '2012-02-22 17:07:43', '1997-12-09 10:25:38');
INSERT INTO `media_types` (`id`, `name`, `created_at`, `updated_at`) VALUES ('62', 'ipsa', '1975-08-04 22:51:34', '1984-06-18 14:16:54');
INSERT INTO `media_types` (`id`, `name`, `created_at`, `updated_at`) VALUES ('63', 'aut', '2011-10-02 16:48:23', '1974-03-09 01:54:43');
INSERT INTO `media_types` (`id`, `name`, `created_at`, `updated_at`) VALUES ('64', 'voluptates', '1987-10-31 14:37:22', '2005-03-02 08:39:58');
INSERT INTO `media_types` (`id`, `name`, `created_at`, `updated_at`) VALUES ('65', 'tenetur', '2016-07-26 04:15:05', '1997-07-12 20:09:24');
INSERT INTO `media_types` (`id`, `name`, `created_at`, `updated_at`) VALUES ('66', 'expedita', '2013-05-02 22:16:28', '2007-02-24 18:05:59');
INSERT INTO `media_types` (`id`, `name`, `created_at`, `updated_at`) VALUES ('67', 'et', '1990-04-10 19:55:37', '2017-11-06 08:19:05');
INSERT INTO `media_types` (`id`, `name`, `created_at`, `updated_at`) VALUES ('68', 'recusandae', '2006-04-13 20:23:41', '1991-12-16 16:11:09');
INSERT INTO `media_types` (`id`, `name`, `created_at`, `updated_at`) VALUES ('69', 'deleniti', '2007-01-29 15:28:58', '1972-10-05 14:07:04');
INSERT INTO `media_types` (`id`, `name`, `created_at`, `updated_at`) VALUES ('70', 'quaerat', '1988-10-02 16:06:24', '1992-03-31 20:59:01');
INSERT INTO `media_types` (`id`, `name`, `created_at`, `updated_at`) VALUES ('71', 'inventore', '1990-08-11 16:33:38', '2015-07-06 08:57:58');
INSERT INTO `media_types` (`id`, `name`, `created_at`, `updated_at`) VALUES ('72', 'accusantium', '1977-10-06 08:12:38', '1986-07-11 20:18:56');
INSERT INTO `media_types` (`id`, `name`, `created_at`, `updated_at`) VALUES ('73', 'quae', '1988-01-30 04:42:40', '1976-07-30 04:24:30');
INSERT INTO `media_types` (`id`, `name`, `created_at`, `updated_at`) VALUES ('74', 'vero', '1979-12-29 16:09:32', '1999-11-09 19:44:04');
INSERT INTO `media_types` (`id`, `name`, `created_at`, `updated_at`) VALUES ('75', 'beatae', '1987-09-06 15:59:30', '2017-05-21 16:07:33');
INSERT INTO `media_types` (`id`, `name`, `created_at`, `updated_at`) VALUES ('76', 'iste', '2012-02-27 06:37:35', '2011-01-19 06:03:59');
INSERT INTO `media_types` (`id`, `name`, `created_at`, `updated_at`) VALUES ('77', 'eligendi', '1992-09-20 23:19:26', '1976-10-11 12:40:03');
INSERT INTO `media_types` (`id`, `name`, `created_at`, `updated_at`) VALUES ('78', 'totam', '1988-09-30 22:29:39', '1982-06-09 14:44:30');
INSERT INTO `media_types` (`id`, `name`, `created_at`, `updated_at`) VALUES ('79', 'architecto', '2018-01-23 06:17:01', '2011-02-17 16:34:12');
INSERT INTO `media_types` (`id`, `name`, `created_at`, `updated_at`) VALUES ('80', 'sapiente', '1998-01-22 09:04:14', '1991-03-31 12:53:35');
INSERT INTO `media_types` (`id`, `name`, `created_at`, `updated_at`) VALUES ('81', 'delectus', '1990-06-03 07:45:33', '1987-10-11 15:02:15');
INSERT INTO `media_types` (`id`, `name`, `created_at`, `updated_at`) VALUES ('82', 'impedit', '2003-05-01 19:18:33', '2000-07-14 17:48:56');
INSERT INTO `media_types` (`id`, `name`, `created_at`, `updated_at`) VALUES ('83', 'animi', '2010-03-30 12:49:28', '1976-08-14 03:32:59');
INSERT INTO `media_types` (`id`, `name`, `created_at`, `updated_at`) VALUES ('84', 'cum', '1994-07-28 06:10:57', '2009-07-17 16:52:57');
INSERT INTO `media_types` (`id`, `name`, `created_at`, `updated_at`) VALUES ('85', 'non', '2010-12-16 03:25:23', '1979-02-21 21:23:06');
INSERT INTO `media_types` (`id`, `name`, `created_at`, `updated_at`) VALUES ('86', 'tempore', '2015-06-08 19:51:51', '1980-02-18 21:21:42');
INSERT INTO `media_types` (`id`, `name`, `created_at`, `updated_at`) VALUES ('87', 'alias', '2001-08-20 08:17:18', '1990-07-23 02:57:46');
INSERT INTO `media_types` (`id`, `name`, `created_at`, `updated_at`) VALUES ('88', 'mollitia', '2005-11-21 03:44:55', '2008-05-12 07:56:28');
INSERT INTO `media_types` (`id`, `name`, `created_at`, `updated_at`) VALUES ('89', 'deleniti', '2011-11-13 01:28:53', '2000-04-21 03:07:19');
INSERT INTO `media_types` (`id`, `name`, `created_at`, `updated_at`) VALUES ('90', 'minus', '1975-05-14 18:27:33', '1983-11-28 23:23:54');
INSERT INTO `media_types` (`id`, `name`, `created_at`, `updated_at`) VALUES ('91', 'officiis', '1989-02-18 01:53:28', '2008-12-16 12:07:21');
INSERT INTO `media_types` (`id`, `name`, `created_at`, `updated_at`) VALUES ('92', 'maxime', '2002-03-15 16:45:10', '2003-04-02 15:52:05');
INSERT INTO `media_types` (`id`, `name`, `created_at`, `updated_at`) VALUES ('93', 'dolorum', '1989-11-24 03:42:41', '1995-06-29 10:02:33');
INSERT INTO `media_types` (`id`, `name`, `created_at`, `updated_at`) VALUES ('94', 'nostrum', '1997-11-04 17:59:53', '1976-06-09 14:51:14');
INSERT INTO `media_types` (`id`, `name`, `created_at`, `updated_at`) VALUES ('95', 'dicta', '2010-09-01 10:28:59', '1995-10-28 01:29:46');
INSERT INTO `media_types` (`id`, `name`, `created_at`, `updated_at`) VALUES ('96', 'sit', '2010-01-15 17:43:52', '1994-04-02 04:05:19');
INSERT INTO `media_types` (`id`, `name`, `created_at`, `updated_at`) VALUES ('97', 'in', '1981-07-09 12:18:53', '2001-05-12 07:00:33');
INSERT INTO `media_types` (`id`, `name`, `created_at`, `updated_at`) VALUES ('98', 'vel', '1984-04-26 01:31:21', '1993-07-09 06:35:22');
INSERT INTO `media_types` (`id`, `name`, `created_at`, `updated_at`) VALUES ('99', 'dignissimos', '1996-09-13 12:12:55', '2009-03-30 16:59:49');
INSERT INTO `media_types` (`id`, `name`, `created_at`, `updated_at`) VALUES ('100', 'sapiente', '2012-09-10 23:06:58', '1988-07-10 06:36:10');


#
# TABLE STRUCTURE FOR: messages
#

CREATE TABLE if not exists `messages` (
  `id` bigint(20) unsigned NOT NULL AUTO_INCREMENT,
  `from_user_id` bigint(20) unsigned NOT NULL,
  `to_user_id` bigint(20) unsigned NOT NULL,
  `body` text COLLATE utf8_unicode_ci DEFAULT NULL,
  `created_at` datetime DEFAULT current_timestamp(),
  PRIMARY KEY (`id`),
  KEY `messages_from_user_id` (`from_user_id`),
  KEY `messages_to_user_id` (`to_user_id`),
  CONSTRAINT `messages_ibfk_1` FOREIGN KEY (`from_user_id`) REFERENCES `users` (`id`),
  CONSTRAINT `messages_ibfk_2` FOREIGN KEY (`to_user_id`) REFERENCES `users` (`id`)
) ENGINE=InnoDB AUTO_INCREMENT=101 DEFAULT CHARSET=utf8 COLLATE=utf8_unicode_ci;

INSERT INTO `messages` (`id`, `from_user_id`, `to_user_id`, `body`, `created_at`) VALUES ('1', '1', '1', 'Quo ratione excepturi ut dolorum quis eaque non. Culpa eius in maxime deleniti est. Dolor quia et dolore ut laudantium aut voluptatem minima.', '1992-11-07 18:44:07');
INSERT INTO `messages` (`id`, `from_user_id`, `to_user_id`, `body`, `created_at`) VALUES ('2', '2', '2', 'Odit eos autem tempora voluptatem. Dolore aut saepe ratione quae ducimus doloremque. Voluptate ut sit aut necessitatibus.', '1998-11-08 02:40:01');
INSERT INTO `messages` (`id`, `from_user_id`, `to_user_id`, `body`, `created_at`) VALUES ('3', '3', '3', 'Similique ut et quia suscipit. Velit alias animi accusamus pariatur est autem. At sunt in non. Quasi praesentium aliquid est repellat consequatur nam.', '2002-06-11 04:01:05');
INSERT INTO `messages` (`id`, `from_user_id`, `to_user_id`, `body`, `created_at`) VALUES ('4', '4', '4', 'Rerum debitis dolor laboriosam consequuntur qui qui. Natus et molestiae et recusandae temporibus.', '1982-08-27 02:41:44');
INSERT INTO `messages` (`id`, `from_user_id`, `to_user_id`, `body`, `created_at`) VALUES ('5', '5', '5', 'Quo molestiae sit et ab quo voluptatem. Ad consequatur qui in. Qui quia et illo officiis consequatur magni quia non.', '1972-01-05 13:28:43');
INSERT INTO `messages` (`id`, `from_user_id`, `to_user_id`, `body`, `created_at`) VALUES ('6', '6', '6', 'Quis facere tempore qui corporis at maiores sint. Tempora ipsam facere sed quod. Vitae et quia consequatur consequatur nam. Et architecto aut ipsam vitae.', '1972-02-08 16:44:36');
INSERT INTO `messages` (`id`, `from_user_id`, `to_user_id`, `body`, `created_at`) VALUES ('7', '7', '7', 'Unde rerum ut corporis voluptatem sint aspernatur magnam. Omnis architecto porro dolor architecto in modi itaque ipsa. Facere officia quia asperiores officiis quo quae quibusdam quidem.', '2015-11-14 01:00:01');
INSERT INTO `messages` (`id`, `from_user_id`, `to_user_id`, `body`, `created_at`) VALUES ('8', '8', '8', 'Sed accusamus laboriosam et et. Quos occaecati nisi quidem occaecati. Est voluptas perspiciatis aut ea dolores officia possimus.', '1995-08-09 10:51:39');
INSERT INTO `messages` (`id`, `from_user_id`, `to_user_id`, `body`, `created_at`) VALUES ('9', '9', '9', 'Facere nisi porro voluptatibus ut nemo pariatur nesciunt corporis. Eum ex voluptatem rerum velit. Reiciendis a esse cupiditate dolores laudantium voluptatem quia. Optio sed ratione incidunt dolores et.', '1978-07-05 04:49:09');
INSERT INTO `messages` (`id`, `from_user_id`, `to_user_id`, `body`, `created_at`) VALUES ('10', '10', '10', 'Velit quaerat molestias expedita. Pariatur molestiae consequatur porro et. Eius minus tenetur ea quas ab consequatur in eveniet. Rerum ea quia voluptate ipsum.', '1979-02-18 16:08:28');
INSERT INTO `messages` (`id`, `from_user_id`, `to_user_id`, `body`, `created_at`) VALUES ('11', '11', '11', 'Eaque ut dignissimos explicabo harum eum qui. Atque eaque est quibusdam sunt et. Amet molestias earum nisi saepe.', '1992-09-11 10:41:15');
INSERT INTO `messages` (`id`, `from_user_id`, `to_user_id`, `body`, `created_at`) VALUES ('12', '12', '12', 'Dolorem maxime facilis sapiente quos numquam architecto. Voluptas nihil maxime rerum itaque. Incidunt illo dolorem tenetur facilis. Nam provident similique corrupti suscipit illum.', '2000-04-03 03:37:48');
INSERT INTO `messages` (`id`, `from_user_id`, `to_user_id`, `body`, `created_at`) VALUES ('13', '13', '13', 'In ut unde voluptas quia reprehenderit. Provident ea nobis excepturi hic delectus deserunt. At distinctio ut magni sit.', '1977-03-04 12:57:21');
INSERT INTO `messages` (`id`, `from_user_id`, `to_user_id`, `body`, `created_at`) VALUES ('14', '14', '14', 'A ullam ex optio aliquid est. Excepturi eos quia est vel hic. Accusamus repellat quis facilis eos temporibus non rerum inventore. Non et fuga soluta voluptas doloribus.', '1988-07-07 09:24:18');
INSERT INTO `messages` (`id`, `from_user_id`, `to_user_id`, `body`, `created_at`) VALUES ('15', '15', '15', 'Iste consequatur autem dolor qui itaque nisi consequuntur quo. Molestiae aut eum nostrum laboriosam iure et non aspernatur. Ab non earum est et repudiandae debitis veritatis. Minus id quia quod praesentium iure et autem.', '1994-04-04 07:24:58');
INSERT INTO `messages` (`id`, `from_user_id`, `to_user_id`, `body`, `created_at`) VALUES ('16', '16', '16', 'Recusandae autem qui laudantium amet suscipit vitae. Tempore ea sed et perspiciatis. Quo aperiam voluptatem necessitatibus excepturi. Et laborum voluptatem quas sequi dolorem veniam praesentium.', '1979-06-11 10:41:18');
INSERT INTO `messages` (`id`, `from_user_id`, `to_user_id`, `body`, `created_at`) VALUES ('17', '17', '17', 'Repellendus fuga voluptatem laborum ducimus ab magni quo. Cumque error rem impedit qui et voluptatem.', '2013-05-20 19:00:57');
INSERT INTO `messages` (`id`, `from_user_id`, `to_user_id`, `body`, `created_at`) VALUES ('18', '18', '18', 'Doloremque maxime asperiores assumenda earum cum et. Ipsa autem consequatur voluptas ut est. Qui sit sunt ut perspiciatis incidunt suscipit reiciendis. Consequatur voluptatem iure et nemo illo.', '2001-12-30 04:28:36');
INSERT INTO `messages` (`id`, `from_user_id`, `to_user_id`, `body`, `created_at`) VALUES ('19', '19', '19', 'Sed culpa nostrum non officiis aut ut voluptatibus. Minus velit suscipit aut laboriosam possimus delectus earum.', '1980-02-09 07:53:34');
INSERT INTO `messages` (`id`, `from_user_id`, `to_user_id`, `body`, `created_at`) VALUES ('20', '20', '20', 'Quaerat eius culpa id nisi. Non facilis eum ea sunt. Mollitia deleniti maiores nisi dolore dignissimos delectus id voluptatum.', '1995-02-26 21:06:30');
INSERT INTO `messages` (`id`, `from_user_id`, `to_user_id`, `body`, `created_at`) VALUES ('21', '21', '21', 'Suscipit consequuntur cum earum aut delectus. Quo ut at ipsam sed tempore. Optio blanditiis ipsa sunt veniam qui dolore itaque consequuntur. Id tempora architecto quia.', '2008-02-21 22:48:39');
INSERT INTO `messages` (`id`, `from_user_id`, `to_user_id`, `body`, `created_at`) VALUES ('22', '22', '22', 'Ut non tempore et temporibus molestias tempora eos. Aut enim eaque non ipsa. Ipsa ullam est eaque doloribus.', '2001-09-09 07:01:37');
INSERT INTO `messages` (`id`, `from_user_id`, `to_user_id`, `body`, `created_at`) VALUES ('23', '23', '23', 'Velit enim quaerat mollitia unde itaque distinctio nostrum voluptas. Nesciunt eveniet aut pariatur eum quis. Magnam quia velit et ut rem id repudiandae.', '2007-01-11 20:09:08');
INSERT INTO `messages` (`id`, `from_user_id`, `to_user_id`, `body`, `created_at`) VALUES ('24', '24', '24', 'Laboriosam accusantium id eaque aut eum totam. Molestiae vel ea et illo voluptas quae ex incidunt.', '1979-03-09 13:08:45');
INSERT INTO `messages` (`id`, `from_user_id`, `to_user_id`, `body`, `created_at`) VALUES ('25', '25', '25', 'Id iusto nobis corrupti tenetur omnis adipisci. Perspiciatis ab non sit voluptatibus quis. Optio eveniet qui qui maxime autem sint ut qui.', '1992-12-30 06:22:57');
INSERT INTO `messages` (`id`, `from_user_id`, `to_user_id`, `body`, `created_at`) VALUES ('26', '26', '26', 'Soluta libero ratione provident quasi aspernatur dolorum facere earum. Iure ab nobis qui quia. Voluptas autem sit libero unde. Est impedit repellendus aliquid id ex dolore nihil. Natus dolor voluptas quia et suscipit.', '1998-04-16 05:33:22');
INSERT INTO `messages` (`id`, `from_user_id`, `to_user_id`, `body`, `created_at`) VALUES ('27', '27', '27', 'Neque quia itaque consequatur optio accusantium atque vel. Quae nemo aut distinctio magni est maxime voluptas. Quia nisi laborum necessitatibus dolores perferendis ut.', '2018-10-29 02:26:18');
INSERT INTO `messages` (`id`, `from_user_id`, `to_user_id`, `body`, `created_at`) VALUES ('28', '28', '28', 'Aut nemo esse officiis odit et et necessitatibus. Quas voluptas blanditiis odit est optio facere. Itaque cum consequuntur molestiae beatae nesciunt. In rerum suscipit sed repellat enim impedit. Ut illum dolorum eligendi veritatis deserunt quo.', '1974-05-23 12:31:31');
INSERT INTO `messages` (`id`, `from_user_id`, `to_user_id`, `body`, `created_at`) VALUES ('29', '29', '29', 'Sapiente labore eius nemo qui. Odio sequi sed quidem amet facere cumque et. Inventore architecto earum quas nobis.', '1985-03-11 16:26:35');
INSERT INTO `messages` (`id`, `from_user_id`, `to_user_id`, `body`, `created_at`) VALUES ('30', '30', '30', 'Deleniti deleniti voluptatem molestiae in. Qui est dolores molestiae corrupti architecto aut. Assumenda ipsam doloremque molestias ut autem eos est. Architecto consequatur aut iure facilis id architecto ut.', '1984-07-10 01:48:58');
INSERT INTO `messages` (`id`, `from_user_id`, `to_user_id`, `body`, `created_at`) VALUES ('31', '31', '31', 'Maxime cum consequatur aut ullam quae. Autem debitis enim reprehenderit deserunt. Sint doloribus et distinctio quis aliquid est sit. Odit voluptas iure dolore accusantium facilis tempora.', '2016-10-04 17:54:28');
INSERT INTO `messages` (`id`, `from_user_id`, `to_user_id`, `body`, `created_at`) VALUES ('32', '32', '32', 'Optio laborum atque consequatur ut quis. Eius ducimus ab itaque dolorum. Est assumenda modi reiciendis laborum eveniet. Autem dolore fugit et dignissimos alias soluta.', '1994-03-19 04:21:59');
INSERT INTO `messages` (`id`, `from_user_id`, `to_user_id`, `body`, `created_at`) VALUES ('33', '33', '33', 'Consequatur aliquam voluptatem enim facere debitis ullam autem. Dolorem numquam excepturi illum totam dolores quae. Sit harum provident velit consequuntur deserunt accusantium. Reiciendis possimus et repudiandae aliquam aut accusamus omnis quia. Sit quia qui fugit sapiente.', '1990-05-14 11:15:39');
INSERT INTO `messages` (`id`, `from_user_id`, `to_user_id`, `body`, `created_at`) VALUES ('34', '34', '34', 'Ut repudiandae nihil ut minus voluptatem nihil magni culpa. Et aut commodi dolorum. Exercitationem saepe porro possimus aut deleniti voluptatum vero rerum. Deserunt soluta consectetur ea aut a.', '1998-07-10 07:15:53');
INSERT INTO `messages` (`id`, `from_user_id`, `to_user_id`, `body`, `created_at`) VALUES ('35', '35', '35', 'Deserunt rerum ut dignissimos quia facere. Commodi tempore architecto quidem aliquam deserunt fugit ut eum. Officia recusandae assumenda ullam perspiciatis.', '2018-02-11 20:14:15');
INSERT INTO `messages` (`id`, `from_user_id`, `to_user_id`, `body`, `created_at`) VALUES ('36', '36', '36', 'Cupiditate cupiditate totam sit veniam a id quaerat. Omnis molestiae necessitatibus placeat quia. Libero enim necessitatibus consequatur autem provident. Harum corrupti est provident officia veritatis.', '1972-06-30 04:43:34');
INSERT INTO `messages` (`id`, `from_user_id`, `to_user_id`, `body`, `created_at`) VALUES ('37', '37', '37', 'Sint quas occaecati aut quod tenetur rerum dolor nesciunt. Et aut est ut non earum quo dicta. Tenetur eveniet ut qui ducimus voluptate deserunt. Animi consequatur id amet eligendi et temporibus.', '2019-08-15 02:32:37');
INSERT INTO `messages` (`id`, `from_user_id`, `to_user_id`, `body`, `created_at`) VALUES ('38', '38', '38', 'Assumenda dignissimos porro velit accusamus. Ea dolores atque aut et nobis reprehenderit. Facilis fugit dolore similique occaecati est. Dolores libero excepturi eos nam aspernatur quidem.', '1982-08-15 18:18:21');
INSERT INTO `messages` (`id`, `from_user_id`, `to_user_id`, `body`, `created_at`) VALUES ('39', '39', '39', 'Ratione deleniti asperiores quidem. Saepe ex perferendis harum eveniet quibusdam ut explicabo.', '1996-10-15 08:06:08');
INSERT INTO `messages` (`id`, `from_user_id`, `to_user_id`, `body`, `created_at`) VALUES ('40', '40', '40', 'Sint hic et labore voluptates. Enim aliquam vel esse culpa blanditiis.', '1993-03-24 20:48:22');
INSERT INTO `messages` (`id`, `from_user_id`, `to_user_id`, `body`, `created_at`) VALUES ('41', '41', '41', 'Saepe ad accusamus perferendis consequuntur natus nisi vel. Tenetur harum dolorum sunt id non. Quia odit iste ipsa voluptate eveniet ut optio.', '1972-02-26 14:07:29');
INSERT INTO `messages` (`id`, `from_user_id`, `to_user_id`, `body`, `created_at`) VALUES ('42', '42', '42', 'Ut sequi a qui non. Perferendis voluptas exercitationem cupiditate eveniet consectetur. Repellendus deserunt corporis officiis ipsa et.', '1987-08-21 08:26:23');
INSERT INTO `messages` (`id`, `from_user_id`, `to_user_id`, `body`, `created_at`) VALUES ('43', '43', '43', 'Voluptatum qui ea nisi expedita. Autem et ut iste nisi consequuntur maiores vel. Rem officia quis sunt iusto.', '1974-10-13 05:54:19');
INSERT INTO `messages` (`id`, `from_user_id`, `to_user_id`, `body`, `created_at`) VALUES ('44', '44', '44', 'Optio fuga veniam animi consequatur est et cumque. Illo quas doloribus adipisci ratione.', '1988-06-29 23:38:20');
INSERT INTO `messages` (`id`, `from_user_id`, `to_user_id`, `body`, `created_at`) VALUES ('45', '45', '45', 'Explicabo dolorem doloribus possimus temporibus. Exercitationem qui voluptatum fugiat eum impedit sed temporibus laboriosam. Rerum at vitae odit nesciunt in. Sed incidunt perspiciatis voluptas quas mollitia nulla.', '2006-03-24 23:07:15');
INSERT INTO `messages` (`id`, `from_user_id`, `to_user_id`, `body`, `created_at`) VALUES ('46', '46', '46', 'Consectetur saepe quas quisquam quam dolorum et dolores. Consequatur doloremque quam aperiam assumenda qui neque. Aut iste assumenda ut fugit quo est ab. Qui in sed vel incidunt.', '1991-09-25 21:45:42');
INSERT INTO `messages` (`id`, `from_user_id`, `to_user_id`, `body`, `created_at`) VALUES ('47', '47', '47', 'Eveniet sit vero incidunt et qui. Et repellat aut consequatur laudantium voluptatum consequatur nobis. Unde dolor minima velit quam ea.', '1990-01-25 07:44:28');
INSERT INTO `messages` (`id`, `from_user_id`, `to_user_id`, `body`, `created_at`) VALUES ('48', '48', '48', 'Officiis corrupti deserunt sit. Numquam quia mollitia eos porro. Dolorum est et tempora et blanditiis. Perferendis voluptate vero omnis in quod.', '2001-01-23 22:24:24');
INSERT INTO `messages` (`id`, `from_user_id`, `to_user_id`, `body`, `created_at`) VALUES ('49', '49', '49', 'A iure sequi occaecati molestiae sunt velit error. Qui corrupti fugiat quasi nemo illo saepe similique. Quam et fuga aut distinctio voluptas nihil. Alias non a animi asperiores dignissimos.', '2000-06-24 06:45:32');
INSERT INTO `messages` (`id`, `from_user_id`, `to_user_id`, `body`, `created_at`) VALUES ('50', '50', '50', 'Sed expedita tempora pariatur tempora. Impedit omnis et repudiandae modi. Eos a aliquid quis delectus quas modi rem. Et quam inventore similique velit iste inventore quia ea.', '1976-03-04 09:56:34');
INSERT INTO `messages` (`id`, `from_user_id`, `to_user_id`, `body`, `created_at`) VALUES ('51', '51', '51', 'Dolores fuga iure saepe ut et consequatur ad. Quae quae quasi voluptas nemo quis. Magni voluptatibus at et qui cupiditate iure repellendus.', '2008-07-07 04:32:44');
INSERT INTO `messages` (`id`, `from_user_id`, `to_user_id`, `body`, `created_at`) VALUES ('52', '52', '52', 'Rerum ea quos delectus aut sint et harum. Et rem amet deserunt rem beatae. Et quas dolorem voluptatem.', '2018-03-24 23:38:29');
INSERT INTO `messages` (`id`, `from_user_id`, `to_user_id`, `body`, `created_at`) VALUES ('53', '53', '53', 'Repellendus tempora maxime quis eveniet et. Provident deleniti quia at vero quod odit. Ut atque dolorem sit exercitationem eum quos accusantium culpa. Possimus iste quaerat veniam exercitationem expedita at vero.', '1983-09-24 06:13:27');
INSERT INTO `messages` (`id`, `from_user_id`, `to_user_id`, `body`, `created_at`) VALUES ('54', '54', '54', 'Rem excepturi asperiores occaecati libero quis autem et. Eos ad voluptates repellendus sit voluptatem nostrum tempore. Aut aspernatur aliquam vel cum ut corrupti nesciunt magnam.', '1984-02-08 00:41:18');
INSERT INTO `messages` (`id`, `from_user_id`, `to_user_id`, `body`, `created_at`) VALUES ('55', '55', '55', 'Sit eos atque quos natus inventore quis. Aut doloremque est sunt nihil minima. Minima nisi doloremque quod repellendus doloremque incidunt sed dolor.', '1998-08-17 20:37:49');
INSERT INTO `messages` (`id`, `from_user_id`, `to_user_id`, `body`, `created_at`) VALUES ('56', '56', '56', 'Aliquam vel dolorem laudantium officia. Sit qui ut quis deleniti in. Inventore sit qui quisquam ut consequatur et ducimus.', '1998-12-09 12:28:17');
INSERT INTO `messages` (`id`, `from_user_id`, `to_user_id`, `body`, `created_at`) VALUES ('57', '57', '57', 'Perferendis delectus similique sequi nam dolorem ducimus. Ipsa quam enim quis corrupti exercitationem dolor.', '2018-05-27 23:05:36');
INSERT INTO `messages` (`id`, `from_user_id`, `to_user_id`, `body`, `created_at`) VALUES ('58', '58', '58', 'Recusandae a occaecati consequatur velit. Sequi quis aliquid magnam possimus hic.', '1976-03-04 21:28:20');
INSERT INTO `messages` (`id`, `from_user_id`, `to_user_id`, `body`, `created_at`) VALUES ('59', '59', '59', 'Sapiente quis hic dolores doloribus officia ex. Nulla sed et id voluptatem eveniet debitis voluptas. Perferendis vero ratione itaque eveniet natus neque dignissimos.', '1979-02-27 03:52:32');
INSERT INTO `messages` (`id`, `from_user_id`, `to_user_id`, `body`, `created_at`) VALUES ('60', '60', '60', 'Voluptatem dolorum ex suscipit dolor nostrum facere. Voluptas esse ut voluptatem laudantium et repellendus assumenda. Aut sit sapiente qui fuga.', '2003-11-07 07:46:51');
INSERT INTO `messages` (`id`, `from_user_id`, `to_user_id`, `body`, `created_at`) VALUES ('61', '61', '61', 'Repudiandae veniam pariatur voluptas sapiente similique fugit. Eius quod quis enim debitis.', '1992-10-17 20:36:32');
INSERT INTO `messages` (`id`, `from_user_id`, `to_user_id`, `body`, `created_at`) VALUES ('62', '62', '62', 'Ipsum voluptatem voluptas blanditiis hic aspernatur alias. Aliquid qui incidunt aliquam quia voluptas dolores maxime. Fugiat exercitationem magni quia similique vero corporis iste.', '1992-10-24 12:10:41');
INSERT INTO `messages` (`id`, `from_user_id`, `to_user_id`, `body`, `created_at`) VALUES ('63', '63', '63', 'Ab ut sed repudiandae voluptates. Ipsam dolores eos eos aut sed est incidunt natus. Ex reprehenderit qui sequi qui quod dolores et. Mollitia quas sed velit sequi.', '1983-06-22 02:48:41');
INSERT INTO `messages` (`id`, `from_user_id`, `to_user_id`, `body`, `created_at`) VALUES ('64', '64', '64', 'Quas qui rem id. Exercitationem incidunt voluptates neque blanditiis ut. Veritatis accusamus magni tempora tempora quis tempore. Labore et adipisci alias neque.', '1981-09-05 20:38:57');
INSERT INTO `messages` (`id`, `from_user_id`, `to_user_id`, `body`, `created_at`) VALUES ('65', '65', '65', 'Amet voluptatem qui ipsam perferendis sit non quisquam. Non labore incidunt quam eius. Qui non cupiditate odio culpa soluta et omnis. Dolores aperiam sit beatae est eos.', '1992-02-09 07:54:22');
INSERT INTO `messages` (`id`, `from_user_id`, `to_user_id`, `body`, `created_at`) VALUES ('66', '66', '66', 'Quia nesciunt accusamus vitae quia nobis ratione. Tenetur voluptas fugiat consequuntur. Necessitatibus nisi perferendis velit sunt. Cum saepe tenetur dicta sapiente et.', '1972-01-26 03:28:38');
INSERT INTO `messages` (`id`, `from_user_id`, `to_user_id`, `body`, `created_at`) VALUES ('67', '67', '67', 'Voluptatum ab illo ea sint dolor repellat. Sapiente hic illo magnam porro. Autem quia iusto laudantium nisi hic animi quia. Vel natus ut commodi provident ut. Accusantium natus molestiae tempora eos praesentium tempore est.', '1978-07-05 08:57:28');
INSERT INTO `messages` (`id`, `from_user_id`, `to_user_id`, `body`, `created_at`) VALUES ('68', '68', '68', 'Dolor sapiente quisquam molestiae. Itaque eius et tenetur libero et facere. Minus fugiat provident vitae dolore. Itaque accusamus repellat beatae perspiciatis.', '1978-01-23 08:15:30');
INSERT INTO `messages` (`id`, `from_user_id`, `to_user_id`, `body`, `created_at`) VALUES ('69', '69', '69', 'Veniam ut et ut est. Eum tempore veritatis ut facilis culpa totam. Fugit ad quo libero dolor nostrum vel in.', '2014-07-25 23:49:12');
INSERT INTO `messages` (`id`, `from_user_id`, `to_user_id`, `body`, `created_at`) VALUES ('70', '70', '70', 'Soluta qui quas repellat ducimus voluptatem. Natus eaque dolorum ipsum mollitia nesciunt magnam minima.', '1973-01-23 23:34:14');
INSERT INTO `messages` (`id`, `from_user_id`, `to_user_id`, `body`, `created_at`) VALUES ('71', '71', '71', 'Itaque totam sed quibusdam ipsum repudiandae ea. Nemo mollitia rem ut cupiditate dolorem rerum suscipit. Atque ipsa quia ut quam quisquam eligendi quibusdam. Autem cum ullam eum maiores nobis placeat eligendi.', '1973-06-11 03:20:43');
INSERT INTO `messages` (`id`, `from_user_id`, `to_user_id`, `body`, `created_at`) VALUES ('72', '72', '72', 'Dignissimos vitae quod aut sit. Doloribus rem quo sapiente corporis omnis illum saepe. Praesentium id eveniet consequatur modi quo. Ad qui veritatis quidem dignissimos hic qui qui quia.', '1994-12-15 11:17:16');
INSERT INTO `messages` (`id`, `from_user_id`, `to_user_id`, `body`, `created_at`) VALUES ('73', '73', '73', 'Animi architecto saepe est consequatur reprehenderit quae. Sed dolorem facere consectetur aut quisquam eos molestiae. Magni consequatur quia reiciendis. Quibusdam impedit consequatur laborum expedita neque iste.', '1972-11-11 05:50:50');
INSERT INTO `messages` (`id`, `from_user_id`, `to_user_id`, `body`, `created_at`) VALUES ('74', '74', '74', 'Corporis dolorem ut earum quia et enim officia. Beatae nesciunt hic aut doloribus necessitatibus dolorem ducimus. Et assumenda dolorem iste.', '2018-12-03 14:53:22');
INSERT INTO `messages` (`id`, `from_user_id`, `to_user_id`, `body`, `created_at`) VALUES ('75', '75', '75', 'Sunt esse et sapiente nostrum. Consequatur fugiat aspernatur dicta neque incidunt deserunt at nostrum. Voluptate modi omnis maxime.', '2020-04-20 18:49:42');
INSERT INTO `messages` (`id`, `from_user_id`, `to_user_id`, `body`, `created_at`) VALUES ('76', '76', '76', 'Voluptate ut et nam consectetur facere. Exercitationem sed in tenetur aut autem enim. Eum vitae aut voluptatem inventore corrupti.', '1975-11-15 20:36:30');
INSERT INTO `messages` (`id`, `from_user_id`, `to_user_id`, `body`, `created_at`) VALUES ('77', '77', '77', 'Et ea eaque voluptatem sit nisi nesciunt qui. Nam eum eaque quidem nesciunt et. Sit fuga est suscipit id provident consequatur corporis. Sit id minus qui est commodi. Molestiae quasi adipisci quo possimus dicta aut.', '1998-12-03 22:43:00');
INSERT INTO `messages` (`id`, `from_user_id`, `to_user_id`, `body`, `created_at`) VALUES ('78', '78', '78', 'Possimus commodi consequatur veritatis. Repellat maxime magni rem in asperiores fuga. Deleniti qui voluptate omnis vero animi error. Laboriosam ipsa neque odit sunt.', '2009-04-05 15:07:47');
INSERT INTO `messages` (`id`, `from_user_id`, `to_user_id`, `body`, `created_at`) VALUES ('79', '79', '79', 'Dolor et qui aut. Voluptate commodi tempora doloremque veniam nesciunt ut unde. Deleniti accusamus velit eaque fuga.', '2016-09-24 03:55:44');
INSERT INTO `messages` (`id`, `from_user_id`, `to_user_id`, `body`, `created_at`) VALUES ('80', '80', '80', 'Eum voluptas ratione dolor inventore nam qui maiores. Tempora qui velit ea et et sit assumenda. Consequuntur enim dolore ut rerum sit.', '2005-09-09 06:51:08');
INSERT INTO `messages` (`id`, `from_user_id`, `to_user_id`, `body`, `created_at`) VALUES ('81', '81', '81', 'Omnis eum delectus corrupti labore quidem. Rerum at incidunt et laboriosam voluptas. Ea facere tempore eveniet expedita accusantium.', '1976-12-15 00:50:53');
INSERT INTO `messages` (`id`, `from_user_id`, `to_user_id`, `body`, `created_at`) VALUES ('82', '82', '82', 'Quos aspernatur dolore autem dolor a. Commodi enim animi adipisci suscipit et. Nesciunt mollitia voluptas id iure sit rerum voluptatibus.', '2014-12-02 13:36:06');
INSERT INTO `messages` (`id`, `from_user_id`, `to_user_id`, `body`, `created_at`) VALUES ('83', '83', '83', 'Quae ea recusandae voluptatem cumque. Aut earum sapiente dolorum deserunt voluptatem vitae eos. Similique nam sed enim aspernatur et ut.', '2003-07-01 15:24:23');
INSERT INTO `messages` (`id`, `from_user_id`, `to_user_id`, `body`, `created_at`) VALUES ('84', '84', '84', 'Perferendis illo quam aliquid. Cupiditate rerum nisi accusamus et quia esse. Officiis aut corrupti voluptatem eos consequatur. Mollitia animi numquam dolore.', '1988-09-27 13:28:18');
INSERT INTO `messages` (`id`, `from_user_id`, `to_user_id`, `body`, `created_at`) VALUES ('85', '85', '85', 'Corporis reiciendis et aspernatur. Dolorem ut sunt laboriosam. Pariatur excepturi nulla ut. Officiis et aperiam est quo illo accusantium delectus.', '1988-02-14 03:29:25');
INSERT INTO `messages` (`id`, `from_user_id`, `to_user_id`, `body`, `created_at`) VALUES ('86', '86', '86', 'Ut qui quisquam praesentium eveniet laboriosam quis molestiae. Quasi aliquam sed rem autem officia a. Natus repellendus laudantium debitis. Placeat quibusdam aspernatur est dignissimos praesentium. Voluptatibus dolorem dignissimos velit quasi autem.', '1971-01-20 17:26:59');
INSERT INTO `messages` (`id`, `from_user_id`, `to_user_id`, `body`, `created_at`) VALUES ('87', '87', '87', 'Fuga quae doloribus eveniet at eligendi id. Id autem cum occaecati dolorum rerum odio ex. Praesentium qui qui nisi nihil reprehenderit debitis aut.', '1977-02-26 22:39:24');
INSERT INTO `messages` (`id`, `from_user_id`, `to_user_id`, `body`, `created_at`) VALUES ('88', '88', '88', 'Assumenda illum reprehenderit sit eum. Aspernatur eligendi corrupti qui iste et excepturi. Corporis blanditiis possimus et nesciunt recusandae reprehenderit illo officia. Pariatur ullam fugiat quae magnam sapiente aliquam blanditiis distinctio.', '1974-03-08 07:20:19');
INSERT INTO `messages` (`id`, `from_user_id`, `to_user_id`, `body`, `created_at`) VALUES ('89', '89', '89', 'Sint qui earum pariatur qui quam distinctio. Autem omnis distinctio laborum odio sint quis. Sit et exercitationem magni corporis aut est ut.', '2014-04-22 08:21:26');
INSERT INTO `messages` (`id`, `from_user_id`, `to_user_id`, `body`, `created_at`) VALUES ('90', '90', '90', 'Omnis provident eos vel delectus nam maxime. Beatae excepturi in ullam et magnam est. Nobis repellat nemo amet eligendi exercitationem sit.', '1993-02-09 13:29:02');
INSERT INTO `messages` (`id`, `from_user_id`, `to_user_id`, `body`, `created_at`) VALUES ('91', '91', '91', 'Aut eveniet illo est accusantium. Ut eos dolorem ad aspernatur. Velit tenetur qui minus. Exercitationem nam provident aliquam hic. Rerum dolorum doloribus et quia amet sunt libero.', '1994-10-03 12:37:19');
INSERT INTO `messages` (`id`, `from_user_id`, `to_user_id`, `body`, `created_at`) VALUES ('92', '92', '92', 'Esse eos repellendus ab ut aut sapiente. Dolor qui autem qui est repellat animi voluptates. Quis quo ex voluptas aperiam. Recusandae in voluptatem dolor ea corrupti et unde.', '1970-12-08 13:49:49');
INSERT INTO `messages` (`id`, `from_user_id`, `to_user_id`, `body`, `created_at`) VALUES ('93', '93', '93', 'Qui dolorum numquam autem sed at sequi. Exercitationem impedit laborum ut laudantium. Iste hic architecto pariatur placeat ratione.', '1993-06-07 21:19:33');
INSERT INTO `messages` (`id`, `from_user_id`, `to_user_id`, `body`, `created_at`) VALUES ('94', '94', '94', 'Necessitatibus aut optio qui repellat perspiciatis aut. Tempore ut quisquam autem. Ab nemo rerum sunt dolorem ut.', '2014-07-22 01:47:45');
INSERT INTO `messages` (`id`, `from_user_id`, `to_user_id`, `body`, `created_at`) VALUES ('95', '95', '95', 'Unde voluptatibus qui qui in. Saepe aut possimus ullam rerum enim distinctio. Ex delectus quia reprehenderit culpa temporibus. Voluptatem tempora ab quia nemo.', '1987-06-28 00:21:14');
INSERT INTO `messages` (`id`, `from_user_id`, `to_user_id`, `body`, `created_at`) VALUES ('96', '96', '96', 'Ea expedita non at excepturi et id. Beatae facere dolorem fugiat non voluptatum suscipit. Exercitationem quisquam dolorem fugit omnis sit nulla. Amet laudantium libero aliquam distinctio nam autem animi.', '2010-12-30 23:54:14');
INSERT INTO `messages` (`id`, `from_user_id`, `to_user_id`, `body`, `created_at`) VALUES ('97', '97', '97', 'Libero vel saepe reprehenderit qui. Ratione tempora est est minus. Velit ut repellat magni aut facere rerum ipsam. Qui illo tempora nesciunt quo et vel ea quisquam. Sint iste ipsum minus odio voluptatem.', '1983-03-26 08:44:44');
INSERT INTO `messages` (`id`, `from_user_id`, `to_user_id`, `body`, `created_at`) VALUES ('98', '98', '98', 'Voluptatum voluptates molestiae saepe laborum vel facere cumque. Quisquam minus culpa architecto eaque nulla numquam dolorem ut. Amet voluptate incidunt eos at vero magnam incidunt. Molestiae nihil dolor maxime aut. Eum nisi temporibus commodi culpa dolor accusamus aut.', '1990-11-12 05:53:16');
INSERT INTO `messages` (`id`, `from_user_id`, `to_user_id`, `body`, `created_at`) VALUES ('99', '99', '99', 'Iusto est non rerum fugiat qui aut est. Ut dolorem vel odio laudantium. Quo eum commodi aut odio qui. Enim beatae deleniti sed rerum voluptatum.', '1977-07-29 11:32:41');
INSERT INTO `messages` (`id`, `from_user_id`, `to_user_id`, `body`, `created_at`) VALUES ('100', '100', '100', 'Qui in debitis voluptatem ex eos quod. Qui delectus eligendi deserunt placeat est saepe. Qui atque est explicabo alias. Libero saepe quia eveniet reiciendis dolorem dolorem facere.', '2014-12-02 12:48:49');


#
# TABLE STRUCTURE FOR: photo_albums
#

CREATE TABLE if not exists `photo_albums` (
  `id` bigint(20) unsigned NOT NULL AUTO_INCREMENT,
  `name` varchar(255) COLLATE utf8_unicode_ci DEFAULT NULL,
  `user_id` bigint(20) unsigned DEFAULT NULL,
  PRIMARY KEY (`id`),
  UNIQUE KEY `id` (`id`),
  KEY `user_id` (`user_id`),
  CONSTRAINT `photo_albums_ibfk_1` FOREIGN KEY (`user_id`) REFERENCES `users` (`id`)
) ENGINE=InnoDB AUTO_INCREMENT=101 DEFAULT CHARSET=utf8 COLLATE=utf8_unicode_ci;

INSERT INTO `photo_albums` (`id`, `name`, `user_id`) VALUES ('1', 'in', '1');
INSERT INTO `photo_albums` (`id`, `name`, `user_id`) VALUES ('2', 'sit', '2');
INSERT INTO `photo_albums` (`id`, `name`, `user_id`) VALUES ('3', 'soluta', '3');
INSERT INTO `photo_albums` (`id`, `name`, `user_id`) VALUES ('4', 'doloremque', '4');
INSERT INTO `photo_albums` (`id`, `name`, `user_id`) VALUES ('5', 'corrupti', '5');
INSERT INTO `photo_albums` (`id`, `name`, `user_id`) VALUES ('6', 'dolore', '6');
INSERT INTO `photo_albums` (`id`, `name`, `user_id`) VALUES ('7', 'aut', '7');
INSERT INTO `photo_albums` (`id`, `name`, `user_id`) VALUES ('8', 'sunt', '8');
INSERT INTO `photo_albums` (`id`, `name`, `user_id`) VALUES ('9', 'doloribus', '9');
INSERT INTO `photo_albums` (`id`, `name`, `user_id`) VALUES ('10', 'quia', '10');
INSERT INTO `photo_albums` (`id`, `name`, `user_id`) VALUES ('11', 'cupiditate', '11');
INSERT INTO `photo_albums` (`id`, `name`, `user_id`) VALUES ('12', 'aut', '12');
INSERT INTO `photo_albums` (`id`, `name`, `user_id`) VALUES ('13', 'qui', '13');
INSERT INTO `photo_albums` (`id`, `name`, `user_id`) VALUES ('14', 'consequatur', '14');
INSERT INTO `photo_albums` (`id`, `name`, `user_id`) VALUES ('15', 'laborum', '15');
INSERT INTO `photo_albums` (`id`, `name`, `user_id`) VALUES ('16', 'aut', '16');
INSERT INTO `photo_albums` (`id`, `name`, `user_id`) VALUES ('17', 'cum', '17');
INSERT INTO `photo_albums` (`id`, `name`, `user_id`) VALUES ('18', 'et', '18');
INSERT INTO `photo_albums` (`id`, `name`, `user_id`) VALUES ('19', 'dicta', '19');
INSERT INTO `photo_albums` (`id`, `name`, `user_id`) VALUES ('20', 'recusandae', '20');
INSERT INTO `photo_albums` (`id`, `name`, `user_id`) VALUES ('21', 'sunt', '21');
INSERT INTO `photo_albums` (`id`, `name`, `user_id`) VALUES ('22', 'rerum', '22');
INSERT INTO `photo_albums` (`id`, `name`, `user_id`) VALUES ('23', 'et', '23');
INSERT INTO `photo_albums` (`id`, `name`, `user_id`) VALUES ('24', 'quia', '24');
INSERT INTO `photo_albums` (`id`, `name`, `user_id`) VALUES ('25', 'ad', '25');
INSERT INTO `photo_albums` (`id`, `name`, `user_id`) VALUES ('26', 'omnis', '26');
INSERT INTO `photo_albums` (`id`, `name`, `user_id`) VALUES ('27', 'aut', '27');
INSERT INTO `photo_albums` (`id`, `name`, `user_id`) VALUES ('28', 'ducimus', '28');
INSERT INTO `photo_albums` (`id`, `name`, `user_id`) VALUES ('29', 'harum', '29');
INSERT INTO `photo_albums` (`id`, `name`, `user_id`) VALUES ('30', 'tenetur', '30');
INSERT INTO `photo_albums` (`id`, `name`, `user_id`) VALUES ('31', 'laborum', '31');
INSERT INTO `photo_albums` (`id`, `name`, `user_id`) VALUES ('32', 'sed', '32');
INSERT INTO `photo_albums` (`id`, `name`, `user_id`) VALUES ('33', 'qui', '33');
INSERT INTO `photo_albums` (`id`, `name`, `user_id`) VALUES ('34', 'non', '34');
INSERT INTO `photo_albums` (`id`, `name`, `user_id`) VALUES ('35', 'consequuntur', '35');
INSERT INTO `photo_albums` (`id`, `name`, `user_id`) VALUES ('36', 'corrupti', '36');
INSERT INTO `photo_albums` (`id`, `name`, `user_id`) VALUES ('37', 'et', '37');
INSERT INTO `photo_albums` (`id`, `name`, `user_id`) VALUES ('38', 'quis', '38');
INSERT INTO `photo_albums` (`id`, `name`, `user_id`) VALUES ('39', 'qui', '39');
INSERT INTO `photo_albums` (`id`, `name`, `user_id`) VALUES ('40', 'ab', '40');
INSERT INTO `photo_albums` (`id`, `name`, `user_id`) VALUES ('41', 'soluta', '41');
INSERT INTO `photo_albums` (`id`, `name`, `user_id`) VALUES ('42', 'quibusdam', '42');
INSERT INTO `photo_albums` (`id`, `name`, `user_id`) VALUES ('43', 'omnis', '43');
INSERT INTO `photo_albums` (`id`, `name`, `user_id`) VALUES ('44', 'enim', '44');
INSERT INTO `photo_albums` (`id`, `name`, `user_id`) VALUES ('45', 'animi', '45');
INSERT INTO `photo_albums` (`id`, `name`, `user_id`) VALUES ('46', 'explicabo', '46');
INSERT INTO `photo_albums` (`id`, `name`, `user_id`) VALUES ('47', 'ut', '47');
INSERT INTO `photo_albums` (`id`, `name`, `user_id`) VALUES ('48', 'maiores', '48');
INSERT INTO `photo_albums` (`id`, `name`, `user_id`) VALUES ('49', 'alias', '49');
INSERT INTO `photo_albums` (`id`, `name`, `user_id`) VALUES ('50', 'voluptas', '50');
INSERT INTO `photo_albums` (`id`, `name`, `user_id`) VALUES ('51', 'quo', '51');
INSERT INTO `photo_albums` (`id`, `name`, `user_id`) VALUES ('52', 'enim', '52');
INSERT INTO `photo_albums` (`id`, `name`, `user_id`) VALUES ('53', 'id', '53');
INSERT INTO `photo_albums` (`id`, `name`, `user_id`) VALUES ('54', 'cupiditate', '54');
INSERT INTO `photo_albums` (`id`, `name`, `user_id`) VALUES ('55', 'natus', '55');
INSERT INTO `photo_albums` (`id`, `name`, `user_id`) VALUES ('56', 'beatae', '56');
INSERT INTO `photo_albums` (`id`, `name`, `user_id`) VALUES ('57', 'et', '57');
INSERT INTO `photo_albums` (`id`, `name`, `user_id`) VALUES ('58', 'perspiciatis', '58');
INSERT INTO `photo_albums` (`id`, `name`, `user_id`) VALUES ('59', 'sint', '59');
INSERT INTO `photo_albums` (`id`, `name`, `user_id`) VALUES ('60', 'quos', '60');
INSERT INTO `photo_albums` (`id`, `name`, `user_id`) VALUES ('61', 'fugiat', '61');
INSERT INTO `photo_albums` (`id`, `name`, `user_id`) VALUES ('62', 'sint', '62');
INSERT INTO `photo_albums` (`id`, `name`, `user_id`) VALUES ('63', 'beatae', '63');
INSERT INTO `photo_albums` (`id`, `name`, `user_id`) VALUES ('64', 'ex', '64');
INSERT INTO `photo_albums` (`id`, `name`, `user_id`) VALUES ('65', 'consequatur', '65');
INSERT INTO `photo_albums` (`id`, `name`, `user_id`) VALUES ('66', 'voluptate', '66');
INSERT INTO `photo_albums` (`id`, `name`, `user_id`) VALUES ('67', 'iusto', '67');
INSERT INTO `photo_albums` (`id`, `name`, `user_id`) VALUES ('68', 'perferendis', '68');
INSERT INTO `photo_albums` (`id`, `name`, `user_id`) VALUES ('69', 'quisquam', '69');
INSERT INTO `photo_albums` (`id`, `name`, `user_id`) VALUES ('70', 'animi', '70');
INSERT INTO `photo_albums` (`id`, `name`, `user_id`) VALUES ('71', 'aspernatur', '71');
INSERT INTO `photo_albums` (`id`, `name`, `user_id`) VALUES ('72', 'nostrum', '72');
INSERT INTO `photo_albums` (`id`, `name`, `user_id`) VALUES ('73', 'voluptatem', '73');
INSERT INTO `photo_albums` (`id`, `name`, `user_id`) VALUES ('74', 'ut', '74');
INSERT INTO `photo_albums` (`id`, `name`, `user_id`) VALUES ('75', 'natus', '75');
INSERT INTO `photo_albums` (`id`, `name`, `user_id`) VALUES ('76', 'voluptatum', '76');
INSERT INTO `photo_albums` (`id`, `name`, `user_id`) VALUES ('77', 'omnis', '77');
INSERT INTO `photo_albums` (`id`, `name`, `user_id`) VALUES ('78', 'nemo', '78');
INSERT INTO `photo_albums` (`id`, `name`, `user_id`) VALUES ('79', 'iste', '79');
INSERT INTO `photo_albums` (`id`, `name`, `user_id`) VALUES ('80', 'tenetur', '80');
INSERT INTO `photo_albums` (`id`, `name`, `user_id`) VALUES ('81', 'sapiente', '81');
INSERT INTO `photo_albums` (`id`, `name`, `user_id`) VALUES ('82', 'laborum', '82');
INSERT INTO `photo_albums` (`id`, `name`, `user_id`) VALUES ('83', 'cumque', '83');
INSERT INTO `photo_albums` (`id`, `name`, `user_id`) VALUES ('84', 'consequatur', '84');
INSERT INTO `photo_albums` (`id`, `name`, `user_id`) VALUES ('85', 'ipsam', '85');
INSERT INTO `photo_albums` (`id`, `name`, `user_id`) VALUES ('86', 'dicta', '86');
INSERT INTO `photo_albums` (`id`, `name`, `user_id`) VALUES ('87', 'quaerat', '87');
INSERT INTO `photo_albums` (`id`, `name`, `user_id`) VALUES ('88', 'nostrum', '88');
INSERT INTO `photo_albums` (`id`, `name`, `user_id`) VALUES ('89', 'voluptas', '89');
INSERT INTO `photo_albums` (`id`, `name`, `user_id`) VALUES ('90', 'quo', '90');
INSERT INTO `photo_albums` (`id`, `name`, `user_id`) VALUES ('91', 'nam', '91');
INSERT INTO `photo_albums` (`id`, `name`, `user_id`) VALUES ('92', 'commodi', '92');
INSERT INTO `photo_albums` (`id`, `name`, `user_id`) VALUES ('93', 'consectetur', '93');
INSERT INTO `photo_albums` (`id`, `name`, `user_id`) VALUES ('94', 'eius', '94');
INSERT INTO `photo_albums` (`id`, `name`, `user_id`) VALUES ('95', 'doloribus', '95');
INSERT INTO `photo_albums` (`id`, `name`, `user_id`) VALUES ('96', 'est', '96');
INSERT INTO `photo_albums` (`id`, `name`, `user_id`) VALUES ('97', 'molestiae', '97');
INSERT INTO `photo_albums` (`id`, `name`, `user_id`) VALUES ('98', 'illum', '98');
INSERT INTO `photo_albums` (`id`, `name`, `user_id`) VALUES ('99', 'autem', '99');
INSERT INTO `photo_albums` (`id`, `name`, `user_id`) VALUES ('100', 'necessitatibus', '100');


#
# TABLE STRUCTURE FOR: photos
#

CREATE TABLE if not exists `photos` (
  `id` bigint(20) unsigned NOT NULL AUTO_INCREMENT,
  `album_id` bigint(20) unsigned NOT NULL,
  `media_id` bigint(20) unsigned NOT NULL,
  PRIMARY KEY (`id`),
  KEY `album_id` (`album_id`),
  KEY `media_id` (`media_id`),
  CONSTRAINT `photos_ibfk_1` FOREIGN KEY (`album_id`) REFERENCES `photo_albums` (`id`),
  CONSTRAINT `photos_ibfk_2` FOREIGN KEY (`media_id`) REFERENCES `media` (`id`)
) ENGINE=InnoDB AUTO_INCREMENT=101 DEFAULT CHARSET=utf8 COLLATE=utf8_unicode_ci;

INSERT INTO `photos` (`id`, `album_id`, `media_id`) VALUES ('1', '1', '1');
INSERT INTO `photos` (`id`, `album_id`, `media_id`) VALUES ('2', '2', '2');
INSERT INTO `photos` (`id`, `album_id`, `media_id`) VALUES ('3', '3', '3');
INSERT INTO `photos` (`id`, `album_id`, `media_id`) VALUES ('4', '4', '4');
INSERT INTO `photos` (`id`, `album_id`, `media_id`) VALUES ('5', '5', '5');
INSERT INTO `photos` (`id`, `album_id`, `media_id`) VALUES ('6', '6', '6');
INSERT INTO `photos` (`id`, `album_id`, `media_id`) VALUES ('7', '7', '7');
INSERT INTO `photos` (`id`, `album_id`, `media_id`) VALUES ('8', '8', '8');
INSERT INTO `photos` (`id`, `album_id`, `media_id`) VALUES ('9', '9', '9');
INSERT INTO `photos` (`id`, `album_id`, `media_id`) VALUES ('10', '10', '10');
INSERT INTO `photos` (`id`, `album_id`, `media_id`) VALUES ('11', '11', '11');
INSERT INTO `photos` (`id`, `album_id`, `media_id`) VALUES ('12', '12', '12');
INSERT INTO `photos` (`id`, `album_id`, `media_id`) VALUES ('13', '13', '13');
INSERT INTO `photos` (`id`, `album_id`, `media_id`) VALUES ('14', '14', '14');
INSERT INTO `photos` (`id`, `album_id`, `media_id`) VALUES ('15', '15', '15');
INSERT INTO `photos` (`id`, `album_id`, `media_id`) VALUES ('16', '16', '16');
INSERT INTO `photos` (`id`, `album_id`, `media_id`) VALUES ('17', '17', '17');
INSERT INTO `photos` (`id`, `album_id`, `media_id`) VALUES ('18', '18', '18');
INSERT INTO `photos` (`id`, `album_id`, `media_id`) VALUES ('19', '19', '19');
INSERT INTO `photos` (`id`, `album_id`, `media_id`) VALUES ('20', '20', '20');
INSERT INTO `photos` (`id`, `album_id`, `media_id`) VALUES ('21', '21', '21');
INSERT INTO `photos` (`id`, `album_id`, `media_id`) VALUES ('22', '22', '22');
INSERT INTO `photos` (`id`, `album_id`, `media_id`) VALUES ('23', '23', '23');
INSERT INTO `photos` (`id`, `album_id`, `media_id`) VALUES ('24', '24', '24');
INSERT INTO `photos` (`id`, `album_id`, `media_id`) VALUES ('25', '25', '25');
INSERT INTO `photos` (`id`, `album_id`, `media_id`) VALUES ('26', '26', '26');
INSERT INTO `photos` (`id`, `album_id`, `media_id`) VALUES ('27', '27', '27');
INSERT INTO `photos` (`id`, `album_id`, `media_id`) VALUES ('28', '28', '28');
INSERT INTO `photos` (`id`, `album_id`, `media_id`) VALUES ('29', '29', '29');
INSERT INTO `photos` (`id`, `album_id`, `media_id`) VALUES ('30', '30', '30');
INSERT INTO `photos` (`id`, `album_id`, `media_id`) VALUES ('31', '31', '31');
INSERT INTO `photos` (`id`, `album_id`, `media_id`) VALUES ('32', '32', '32');
INSERT INTO `photos` (`id`, `album_id`, `media_id`) VALUES ('33', '33', '33');
INSERT INTO `photos` (`id`, `album_id`, `media_id`) VALUES ('34', '34', '34');
INSERT INTO `photos` (`id`, `album_id`, `media_id`) VALUES ('35', '35', '35');
INSERT INTO `photos` (`id`, `album_id`, `media_id`) VALUES ('36', '36', '36');
INSERT INTO `photos` (`id`, `album_id`, `media_id`) VALUES ('37', '37', '37');
INSERT INTO `photos` (`id`, `album_id`, `media_id`) VALUES ('38', '38', '38');
INSERT INTO `photos` (`id`, `album_id`, `media_id`) VALUES ('39', '39', '39');
INSERT INTO `photos` (`id`, `album_id`, `media_id`) VALUES ('40', '40', '40');
INSERT INTO `photos` (`id`, `album_id`, `media_id`) VALUES ('41', '41', '41');
INSERT INTO `photos` (`id`, `album_id`, `media_id`) VALUES ('42', '42', '42');
INSERT INTO `photos` (`id`, `album_id`, `media_id`) VALUES ('43', '43', '43');
INSERT INTO `photos` (`id`, `album_id`, `media_id`) VALUES ('44', '44', '44');
INSERT INTO `photos` (`id`, `album_id`, `media_id`) VALUES ('45', '45', '45');
INSERT INTO `photos` (`id`, `album_id`, `media_id`) VALUES ('46', '46', '46');
INSERT INTO `photos` (`id`, `album_id`, `media_id`) VALUES ('47', '47', '47');
INSERT INTO `photos` (`id`, `album_id`, `media_id`) VALUES ('48', '48', '48');
INSERT INTO `photos` (`id`, `album_id`, `media_id`) VALUES ('49', '49', '49');
INSERT INTO `photos` (`id`, `album_id`, `media_id`) VALUES ('50', '50', '50');
INSERT INTO `photos` (`id`, `album_id`, `media_id`) VALUES ('51', '51', '51');
INSERT INTO `photos` (`id`, `album_id`, `media_id`) VALUES ('52', '52', '52');
INSERT INTO `photos` (`id`, `album_id`, `media_id`) VALUES ('53', '53', '53');
INSERT INTO `photos` (`id`, `album_id`, `media_id`) VALUES ('54', '54', '54');
INSERT INTO `photos` (`id`, `album_id`, `media_id`) VALUES ('55', '55', '55');
INSERT INTO `photos` (`id`, `album_id`, `media_id`) VALUES ('56', '56', '56');
INSERT INTO `photos` (`id`, `album_id`, `media_id`) VALUES ('57', '57', '57');
INSERT INTO `photos` (`id`, `album_id`, `media_id`) VALUES ('58', '58', '58');
INSERT INTO `photos` (`id`, `album_id`, `media_id`) VALUES ('59', '59', '59');
INSERT INTO `photos` (`id`, `album_id`, `media_id`) VALUES ('60', '60', '60');
INSERT INTO `photos` (`id`, `album_id`, `media_id`) VALUES ('61', '61', '61');
INSERT INTO `photos` (`id`, `album_id`, `media_id`) VALUES ('62', '62', '62');
INSERT INTO `photos` (`id`, `album_id`, `media_id`) VALUES ('63', '63', '63');
INSERT INTO `photos` (`id`, `album_id`, `media_id`) VALUES ('64', '64', '64');
INSERT INTO `photos` (`id`, `album_id`, `media_id`) VALUES ('65', '65', '65');
INSERT INTO `photos` (`id`, `album_id`, `media_id`) VALUES ('66', '66', '66');
INSERT INTO `photos` (`id`, `album_id`, `media_id`) VALUES ('67', '67', '67');
INSERT INTO `photos` (`id`, `album_id`, `media_id`) VALUES ('68', '68', '68');
INSERT INTO `photos` (`id`, `album_id`, `media_id`) VALUES ('69', '69', '69');
INSERT INTO `photos` (`id`, `album_id`, `media_id`) VALUES ('70', '70', '70');
INSERT INTO `photos` (`id`, `album_id`, `media_id`) VALUES ('71', '71', '71');
INSERT INTO `photos` (`id`, `album_id`, `media_id`) VALUES ('72', '72', '72');
INSERT INTO `photos` (`id`, `album_id`, `media_id`) VALUES ('73', '73', '73');
INSERT INTO `photos` (`id`, `album_id`, `media_id`) VALUES ('74', '74', '74');
INSERT INTO `photos` (`id`, `album_id`, `media_id`) VALUES ('75', '75', '75');
INSERT INTO `photos` (`id`, `album_id`, `media_id`) VALUES ('76', '76', '76');
INSERT INTO `photos` (`id`, `album_id`, `media_id`) VALUES ('77', '77', '77');
INSERT INTO `photos` (`id`, `album_id`, `media_id`) VALUES ('78', '78', '78');
INSERT INTO `photos` (`id`, `album_id`, `media_id`) VALUES ('79', '79', '79');
INSERT INTO `photos` (`id`, `album_id`, `media_id`) VALUES ('80', '80', '80');
INSERT INTO `photos` (`id`, `album_id`, `media_id`) VALUES ('81', '81', '81');
INSERT INTO `photos` (`id`, `album_id`, `media_id`) VALUES ('82', '82', '82');
INSERT INTO `photos` (`id`, `album_id`, `media_id`) VALUES ('83', '83', '83');
INSERT INTO `photos` (`id`, `album_id`, `media_id`) VALUES ('84', '84', '84');
INSERT INTO `photos` (`id`, `album_id`, `media_id`) VALUES ('85', '85', '85');
INSERT INTO `photos` (`id`, `album_id`, `media_id`) VALUES ('86', '86', '86');
INSERT INTO `photos` (`id`, `album_id`, `media_id`) VALUES ('87', '87', '87');
INSERT INTO `photos` (`id`, `album_id`, `media_id`) VALUES ('88', '88', '88');
INSERT INTO `photos` (`id`, `album_id`, `media_id`) VALUES ('89', '89', '89');
INSERT INTO `photos` (`id`, `album_id`, `media_id`) VALUES ('90', '90', '90');
INSERT INTO `photos` (`id`, `album_id`, `media_id`) VALUES ('91', '91', '91');
INSERT INTO `photos` (`id`, `album_id`, `media_id`) VALUES ('92', '92', '92');
INSERT INTO `photos` (`id`, `album_id`, `media_id`) VALUES ('93', '93', '93');
INSERT INTO `photos` (`id`, `album_id`, `media_id`) VALUES ('94', '94', '94');
INSERT INTO `photos` (`id`, `album_id`, `media_id`) VALUES ('95', '95', '95');
INSERT INTO `photos` (`id`, `album_id`, `media_id`) VALUES ('96', '96', '96');
INSERT INTO `photos` (`id`, `album_id`, `media_id`) VALUES ('97', '97', '97');
INSERT INTO `photos` (`id`, `album_id`, `media_id`) VALUES ('98', '98', '98');
INSERT INTO `photos` (`id`, `album_id`, `media_id`) VALUES ('99', '99', '99');
INSERT INTO `photos` (`id`, `album_id`, `media_id`) VALUES ('100', '100', '100');


#
# TABLE STRUCTURE FOR: posts
#

CREATE TABLE  if not exists `posts` (
  `id` bigint(20) unsigned NOT NULL AUTO_INCREMENT,
  `user_id` bigint(20) unsigned NOT NULL,
  `media_id` bigint(20) unsigned NOT NULL,
  `body` text COLLATE utf8_unicode_ci DEFAULT NULL,
  `created_at` datetime DEFAULT current_timestamp(),
  PRIMARY KEY (`id`),
  KEY `user_id` (`user_id`),
  KEY `media_id` (`media_id`),
  CONSTRAINT `posts_ibfk_1` FOREIGN KEY (`user_id`) REFERENCES `users` (`id`),
  CONSTRAINT `posts_ibfk_2` FOREIGN KEY (`media_id`) REFERENCES `media` (`id`)
) ENGINE=InnoDB AUTO_INCREMENT=101 DEFAULT CHARSET=utf8 COLLATE=utf8_unicode_ci;

INSERT INTO `posts` (`id`, `user_id`, `media_id`, `body`, `created_at`) VALUES ('1', '1', '1', 'Consequatur optio qui quisquam autem minus quidem. Assumenda sed consectetur aut non. Saepe nihil veniam consequatur mollitia.', '2003-09-29 20:55:27');
INSERT INTO `posts` (`id`, `user_id`, `media_id`, `body`, `created_at`) VALUES ('2', '2', '2', 'Ut aperiam in quos voluptatem voluptatibus nisi. Impedit aliquid aliquam soluta velit inventore soluta neque. Aut modi et ut quasi voluptatem error neque optio.', '1994-07-22 09:30:27');
INSERT INTO `posts` (`id`, `user_id`, `media_id`, `body`, `created_at`) VALUES ('3', '3', '3', 'Pariatur vel aut voluptas velit est vel. Mollitia et voluptatem dolor commodi quos dolorem cum at. Consectetur quas soluta quia temporibus dolorem soluta. At id velit voluptatum voluptas beatae facere.', '2005-02-06 14:53:25');
INSERT INTO `posts` (`id`, `user_id`, `media_id`, `body`, `created_at`) VALUES ('4', '4', '4', 'Ea rem dicta aspernatur non illo. Et impedit id et ut porro. Assumenda nihil voluptatem voluptatem hic autem consequatur necessitatibus.', '1988-05-02 01:29:52');
INSERT INTO `posts` (`id`, `user_id`, `media_id`, `body`, `created_at`) VALUES ('5', '5', '5', 'Rem cumque labore ipsum placeat repudiandae. Et sed et aliquam quia. Minus rem error aut ut. Saepe facilis perspiciatis quo quia magnam dicta.', '1975-03-30 15:30:17');
INSERT INTO `posts` (`id`, `user_id`, `media_id`, `body`, `created_at`) VALUES ('6', '6', '6', 'Voluptatem et amet excepturi consequatur quis est. Optio reiciendis pariatur maiores itaque.', '1981-06-19 16:14:06');
INSERT INTO `posts` (`id`, `user_id`, `media_id`, `body`, `created_at`) VALUES ('7', '7', '7', 'Nostrum sit incidunt fugit quia quia. Consequuntur recusandae ratione unde voluptatem nisi aut. Nobis quos nulla non ratione. Nihil quibusdam tenetur dolor doloribus alias.', '2009-09-21 21:53:34');
INSERT INTO `posts` (`id`, `user_id`, `media_id`, `body`, `created_at`) VALUES ('8', '8', '8', 'Et quas officia sed tempore. Optio autem et illo. Quasi et praesentium et vitae dolores.', '1997-08-21 11:10:09');
INSERT INTO `posts` (`id`, `user_id`, `media_id`, `body`, `created_at`) VALUES ('9', '9', '9', 'Veritatis minima ratione recusandae pariatur at ullam. Placeat suscipit fugiat deserunt at at fugit quidem non. Et quia deleniti occaecati aut est et at.', '2013-02-07 17:49:41');
INSERT INTO `posts` (`id`, `user_id`, `media_id`, `body`, `created_at`) VALUES ('10', '10', '10', 'Corrupti beatae rem nobis sit minus. Et ut omnis quia et. Suscipit delectus repellendus eligendi iste mollitia qui ea.', '1992-06-23 04:17:28');
INSERT INTO `posts` (`id`, `user_id`, `media_id`, `body`, `created_at`) VALUES ('11', '11', '11', 'A labore beatae doloremque omnis. Velit adipisci doloribus aliquam qui consequuntur ducimus minus. Sunt vitae doloribus minima qui culpa illum. In dolore ratione quos et omnis quia quasi repellat.', '1975-12-19 20:01:56');
INSERT INTO `posts` (`id`, `user_id`, `media_id`, `body`, `created_at`) VALUES ('12', '12', '12', 'Nam incidunt laboriosam blanditiis. Cum dignissimos nisi facilis quo corporis minus.', '1990-09-23 04:33:06');
INSERT INTO `posts` (`id`, `user_id`, `media_id`, `body`, `created_at`) VALUES ('13', '13', '13', 'Qui sed possimus quis cumque occaecati. Mollitia dolor eveniet voluptate earum sit vero rerum.', '2006-10-05 04:30:32');
INSERT INTO `posts` (`id`, `user_id`, `media_id`, `body`, `created_at`) VALUES ('14', '14', '14', 'Iusto quis nam inventore et ex rerum. Nihil quia officia vel optio. Harum culpa architecto ut error officia sed magnam quia. Dignissimos voluptas eius et exercitationem.', '2004-02-10 05:19:25');
INSERT INTO `posts` (`id`, `user_id`, `media_id`, `body`, `created_at`) VALUES ('15', '15', '15', 'Sed numquam officiis deserunt possimus quo. Ut perferendis quo qui molestiae rerum dolor. Cupiditate inventore autem sequi sapiente et.', '1998-05-07 01:46:25');
INSERT INTO `posts` (`id`, `user_id`, `media_id`, `body`, `created_at`) VALUES ('16', '16', '16', 'Laborum repudiandae ipsum provident vero dignissimos voluptatem. Quia accusamus necessitatibus eligendi at occaecati voluptatem optio. Autem eius fugit nobis voluptatem sit ex. Aperiam ut tempora est quis non.', '2006-03-05 06:47:37');
INSERT INTO `posts` (`id`, `user_id`, `media_id`, `body`, `created_at`) VALUES ('17', '17', '17', 'Placeat vel sint est sint itaque. Nobis recusandae corrupti natus consequuntur voluptatem. Sit qui optio quo dolor. Dolore neque iure quis culpa quia aut qui. Minus ut nihil exercitationem molestiae consequatur.', '1976-05-28 06:12:57');
INSERT INTO `posts` (`id`, `user_id`, `media_id`, `body`, `created_at`) VALUES ('18', '18', '18', 'Id debitis quis corporis ad ut aut error. Hic nihil aut inventore provident. Omnis consequuntur facilis quia.', '1995-10-28 14:06:12');
INSERT INTO `posts` (`id`, `user_id`, `media_id`, `body`, `created_at`) VALUES ('19', '19', '19', 'Sunt maxime autem laborum provident laudantium. Voluptas iusto velit earum. Et eveniet beatae et porro.', '2015-09-20 22:35:03');
INSERT INTO `posts` (`id`, `user_id`, `media_id`, `body`, `created_at`) VALUES ('20', '20', '20', 'Laboriosam sint adipisci et quaerat. Rem dignissimos veritatis accusantium aspernatur. Sit suscipit numquam voluptas dicta distinctio.', '2012-02-05 15:38:06');
INSERT INTO `posts` (`id`, `user_id`, `media_id`, `body`, `created_at`) VALUES ('21', '21', '21', 'Repellendus dignissimos aut officiis sit. Sed omnis cupiditate maxime hic architecto. Ipsa vero dignissimos quasi. Reprehenderit eum doloremque minus id exercitationem.', '2011-11-09 20:14:49');
INSERT INTO `posts` (`id`, `user_id`, `media_id`, `body`, `created_at`) VALUES ('22', '22', '22', 'Quaerat ut cum hic molestias corporis tenetur. Error explicabo molestiae et voluptatibus temporibus hic maiores. Maxime error est amet sit. Ipsa voluptates quo nulla eligendi neque nihil.', '1978-01-01 00:43:21');
INSERT INTO `posts` (`id`, `user_id`, `media_id`, `body`, `created_at`) VALUES ('23', '23', '23', 'Accusantium iusto debitis quo sapiente est rerum. Nesciunt quo et soluta fuga pariatur ut. Et itaque voluptas voluptas est quod voluptatum esse. Dolore earum rerum qui est est dignissimos.', '1992-09-08 18:58:10');
INSERT INTO `posts` (`id`, `user_id`, `media_id`, `body`, `created_at`) VALUES ('24', '24', '24', 'Voluptatem quisquam qui molestias repellat. Maiores ad facere qui aperiam provident. Accusamus voluptas quasi omnis cupiditate quas molestias inventore molestiae.', '1994-12-23 05:31:37');
INSERT INTO `posts` (`id`, `user_id`, `media_id`, `body`, `created_at`) VALUES ('25', '25', '25', 'Expedita molestiae natus odit neque aut quod. Enim fugit voluptatum est harum animi soluta. Mollitia consequatur reiciendis eveniet voluptate ut illo repellendus.', '1989-02-14 09:10:58');
INSERT INTO `posts` (`id`, `user_id`, `media_id`, `body`, `created_at`) VALUES ('26', '26', '26', 'Recusandae aliquam saepe tempora commodi vel occaecati eum. Asperiores ut alias inventore quidem ea. Dignissimos esse est quam fugit.', '2013-03-01 19:26:10');
INSERT INTO `posts` (`id`, `user_id`, `media_id`, `body`, `created_at`) VALUES ('27', '27', '27', 'Ipsa dolore velit officiis quaerat quia alias nihil. Sint officia qui dolor corporis. Et amet rerum distinctio ex sunt in aut eum.', '2007-06-15 00:05:44');
INSERT INTO `posts` (`id`, `user_id`, `media_id`, `body`, `created_at`) VALUES ('28', '28', '28', 'Aut nesciunt quam ratione est dolorem perferendis voluptatem eaque. Perferendis aliquid at aut libero. Sint enim ut esse porro consequatur expedita. Quia explicabo quas maiores et sed magnam voluptate.', '2009-08-11 10:23:47');
INSERT INTO `posts` (`id`, `user_id`, `media_id`, `body`, `created_at`) VALUES ('29', '29', '29', 'Sed et corrupti quia voluptatem. Sit est est qui. Accusamus accusamus aperiam qui. Et dicta voluptas id commodi officiis neque et.', '1990-10-01 06:47:52');
INSERT INTO `posts` (`id`, `user_id`, `media_id`, `body`, `created_at`) VALUES ('30', '30', '30', 'Alias quas officiis ea dignissimos voluptatem. Veritatis qui aliquam voluptas optio et est et aliquam.', '2002-02-26 14:07:32');
INSERT INTO `posts` (`id`, `user_id`, `media_id`, `body`, `created_at`) VALUES ('31', '31', '31', 'Dolorem qui voluptas corporis sunt doloremque ducimus aliquid. Recusandae ut quia nulla aspernatur enim nihil. Et tenetur aut omnis quia qui reiciendis et. Nostrum sed explicabo modi officiis.', '1975-09-14 10:22:51');
INSERT INTO `posts` (`id`, `user_id`, `media_id`, `body`, `created_at`) VALUES ('32', '32', '32', 'Est sequi distinctio sunt fuga est aut quia vero. Vel non exercitationem animi sit ut. Rerum eligendi assumenda et reprehenderit doloribus. Eum quia et dolor possimus voluptatem iure.', '2017-04-25 09:33:21');
INSERT INTO `posts` (`id`, `user_id`, `media_id`, `body`, `created_at`) VALUES ('33', '33', '33', 'Natus totam qui quas quibusdam tempora ab. Impedit consequatur delectus voluptatem consequatur. Et a sint velit eaque. Modi maxime non vel.', '2019-06-12 03:45:29');
INSERT INTO `posts` (`id`, `user_id`, `media_id`, `body`, `created_at`) VALUES ('34', '34', '34', 'Inventore odit at quo. Impedit nisi necessitatibus corporis voluptas fugiat minus omnis. Accusantium numquam voluptatem vitae. Quo dolor fuga sunt omnis totam.', '1992-05-27 16:12:21');
INSERT INTO `posts` (`id`, `user_id`, `media_id`, `body`, `created_at`) VALUES ('35', '35', '35', 'Illo hic laborum assumenda soluta. Optio rerum asperiores cum aut velit enim. Autem dolore sed minima aperiam expedita quia.', '1974-01-28 07:23:26');
INSERT INTO `posts` (`id`, `user_id`, `media_id`, `body`, `created_at`) VALUES ('36', '36', '36', 'Et recusandae vero in. Fugiat at quis dignissimos esse. Sit praesentium nesciunt quidem iste.', '2019-05-14 03:18:16');
INSERT INTO `posts` (`id`, `user_id`, `media_id`, `body`, `created_at`) VALUES ('37', '37', '37', 'Molestias qui placeat expedita unde et. Odit architecto delectus fugiat. Est mollitia at ut excepturi.', '1972-10-24 18:24:26');
INSERT INTO `posts` (`id`, `user_id`, `media_id`, `body`, `created_at`) VALUES ('38', '38', '38', 'Consectetur quis qui autem expedita et est qui pariatur. Quisquam qui qui est molestiae omnis occaecati ut. Saepe enim similique laboriosam optio magni modi deserunt.', '2000-01-27 08:10:43');
INSERT INTO `posts` (`id`, `user_id`, `media_id`, `body`, `created_at`) VALUES ('39', '39', '39', 'Et aut vitae rem voluptatem et odio et. Eaque sunt voluptatem qui iste rerum aperiam.', '1977-08-12 04:53:42');
INSERT INTO `posts` (`id`, `user_id`, `media_id`, `body`, `created_at`) VALUES ('40', '40', '40', 'Nihil quia voluptas earum ipsum placeat vitae cumque quibusdam. Et voluptatem a voluptatem natus aut velit enim. Enim amet omnis rerum dignissimos excepturi.', '1992-06-20 00:14:20');
INSERT INTO `posts` (`id`, `user_id`, `media_id`, `body`, `created_at`) VALUES ('41', '41', '41', 'Suscipit ut laudantium adipisci sequi molestiae expedita aut. Sint assumenda quaerat est suscipit et non et. Labore laborum occaecati recusandae et dignissimos eum. Cupiditate ducimus sed perspiciatis. Sint repudiandae sit ducimus maiores aliquid nam voluptatem.', '2006-03-31 05:10:33');
INSERT INTO `posts` (`id`, `user_id`, `media_id`, `body`, `created_at`) VALUES ('42', '42', '42', 'Qui vitae deleniti quasi. Et quia voluptas id veritatis veniam. Earum deleniti assumenda mollitia.', '2016-09-04 08:18:55');
INSERT INTO `posts` (`id`, `user_id`, `media_id`, `body`, `created_at`) VALUES ('43', '43', '43', 'Nam molestias omnis et aspernatur nihil. Dignissimos alias molestias velit illum autem doloribus rerum. Atque id rerum ea quaerat perferendis. Adipisci provident dolorem sit mollitia.', '1992-12-18 16:24:11');
INSERT INTO `posts` (`id`, `user_id`, `media_id`, `body`, `created_at`) VALUES ('44', '44', '44', 'Fugiat velit explicabo deleniti. Nobis quia facere labore et. Qui dolor necessitatibus et nesciunt. Quia sint molestias dolorum iste.', '1994-09-13 03:22:52');
INSERT INTO `posts` (`id`, `user_id`, `media_id`, `body`, `created_at`) VALUES ('45', '45', '45', 'Ipsum maiores in maxime ea deserunt natus. Et fugiat voluptatem quia eum. Dolorem est temporibus officiis est ea minima temporibus sint.', '1976-07-18 19:01:15');
INSERT INTO `posts` (`id`, `user_id`, `media_id`, `body`, `created_at`) VALUES ('46', '46', '46', 'Eum dolorum qui est. Maxime porro natus perspiciatis adipisci molestiae consequuntur omnis. Assumenda numquam dolore illum.', '1991-03-25 17:13:42');
INSERT INTO `posts` (`id`, `user_id`, `media_id`, `body`, `created_at`) VALUES ('47', '47', '47', 'Impedit sint sint architecto et et quod non possimus. Dolor sed sequi explicabo quo. Ut rerum cupiditate consequatur omnis non. Ut natus dolores aut a hic quibusdam unde.', '2000-05-03 06:26:55');
INSERT INTO `posts` (`id`, `user_id`, `media_id`, `body`, `created_at`) VALUES ('48', '48', '48', 'Sed asperiores laudantium sit sunt est. Ad iure dolorum voluptatum totam ipsum nihil. Itaque consequatur et molestias est dolore consequatur iure.', '1984-02-14 02:43:24');
INSERT INTO `posts` (`id`, `user_id`, `media_id`, `body`, `created_at`) VALUES ('49', '49', '49', 'Officia ex minus fuga vero. Doloribus sit voluptas vero sequi suscipit dolorum repellat. Suscipit quod reprehenderit vel est in dolores.', '2013-01-31 04:51:31');
INSERT INTO `posts` (`id`, `user_id`, `media_id`, `body`, `created_at`) VALUES ('50', '50', '50', 'Ab repellendus iusto natus culpa est placeat qui. Mollitia dolores reprehenderit incidunt. Et eum et modi et non beatae dolor repellendus.', '2008-08-22 03:55:20');
INSERT INTO `posts` (`id`, `user_id`, `media_id`, `body`, `created_at`) VALUES ('51', '51', '51', 'Sunt expedita expedita laboriosam ad. Consequuntur iure explicabo officia et officiis dignissimos. Occaecati et minima accusantium tempore quod qui molestias deleniti. Autem est eum ex sit excepturi sed.', '1979-02-11 08:43:31');
INSERT INTO `posts` (`id`, `user_id`, `media_id`, `body`, `created_at`) VALUES ('52', '52', '52', 'Quo distinctio nobis qui. Et ducimus a nulla provident. Quia corporis voluptas sint et aperiam perferendis. Similique ut ea ea aliquam et.', '1989-09-12 17:06:28');
INSERT INTO `posts` (`id`, `user_id`, `media_id`, `body`, `created_at`) VALUES ('53', '53', '53', 'Qui explicabo ut perferendis numquam. Occaecati sed vero officia quia suscipit velit minima. Rerum dolor mollitia iusto optio quia quisquam quae.', '1997-06-15 05:11:55');
INSERT INTO `posts` (`id`, `user_id`, `media_id`, `body`, `created_at`) VALUES ('54', '54', '54', 'Quasi molestiae provident quia quos aliquid. Quam quia facere veritatis dolorem autem assumenda officia. Officia placeat minima neque laborum porro.', '2019-11-15 05:31:55');
INSERT INTO `posts` (`id`, `user_id`, `media_id`, `body`, `created_at`) VALUES ('55', '55', '55', 'At dolor laboriosam minima minus doloremque. Id ut illum in molestiae perspiciatis dicta. Molestias sapiente dolorem facilis autem accusantium voluptates. Est ut iste blanditiis quidem voluptatibus.', '2000-06-13 14:47:13');
INSERT INTO `posts` (`id`, `user_id`, `media_id`, `body`, `created_at`) VALUES ('56', '56', '56', 'Ab magnam repellat id harum beatae quas hic. Dolorem hic maiores fugit quia aut. Recusandae qui quae suscipit sunt sapiente tempora.', '2005-03-28 23:36:00');
INSERT INTO `posts` (`id`, `user_id`, `media_id`, `body`, `created_at`) VALUES ('57', '57', '57', 'Similique est aspernatur est. Hic inventore rem consequatur tenetur possimus ut aut. Minima similique earum neque. Rerum cum sit quisquam ad quia est est vel.', '1986-04-13 17:43:30');
INSERT INTO `posts` (`id`, `user_id`, `media_id`, `body`, `created_at`) VALUES ('58', '58', '58', 'Autem iusto ullam recusandae quam qui. Ut cumque quae at adipisci aut occaecati aliquid doloribus. Quas consequuntur velit quidem eum autem distinctio voluptas.', '1971-06-11 07:17:37');
INSERT INTO `posts` (`id`, `user_id`, `media_id`, `body`, `created_at`) VALUES ('59', '59', '59', 'Magnam voluptatem autem qui facere. Repellat modi voluptatem ipsum rem vel aliquid fugit reiciendis. Eaque qui eius atque at atque labore. Illo non ex eius laborum aliquam.', '2017-04-23 00:25:16');
INSERT INTO `posts` (`id`, `user_id`, `media_id`, `body`, `created_at`) VALUES ('60', '60', '60', 'Maxime praesentium occaecati non molestiae ducimus officiis et. Aut aut delectus quidem et. Ipsum voluptatibus et deserunt rerum mollitia officiis totam. Id molestias eius et quasi.', '2017-06-13 20:00:41');
INSERT INTO `posts` (`id`, `user_id`, `media_id`, `body`, `created_at`) VALUES ('61', '61', '61', 'Eos at et iure nesciunt nihil non sapiente. Consequatur alias sunt beatae nam porro sequi. In tempore fugit similique odit sequi minima sed. Suscipit tempore consequatur molestias possimus eos.', '1995-08-04 17:49:59');
INSERT INTO `posts` (`id`, `user_id`, `media_id`, `body`, `created_at`) VALUES ('62', '62', '62', 'Ipsum et aut voluptatem. A aut et quaerat veniam odit sit. Pariatur est magnam est ex fuga optio ab.', '2014-02-24 20:16:52');
INSERT INTO `posts` (`id`, `user_id`, `media_id`, `body`, `created_at`) VALUES ('63', '63', '63', 'Enim adipisci ut magni maiores aspernatur quam reprehenderit. Eaque in exercitationem aut est ut aut autem fuga. Et maiores ut sequi sint nihil. Voluptatem et amet eveniet aut voluptate voluptatem dolor.', '2005-02-04 07:49:34');
INSERT INTO `posts` (`id`, `user_id`, `media_id`, `body`, `created_at`) VALUES ('64', '64', '64', 'Debitis nihil nostrum dolorem et. Error placeat est dolores et. Ut voluptates recusandae magni rerum ipsum amet.', '1980-09-04 00:54:48');
INSERT INTO `posts` (`id`, `user_id`, `media_id`, `body`, `created_at`) VALUES ('65', '65', '65', 'Dolorum placeat in voluptatum eos enim. Eveniet voluptates sequi et nemo natus. Consequatur sunt suscipit porro iste. Quas numquam hic aut.', '2000-06-06 10:36:51');
INSERT INTO `posts` (`id`, `user_id`, `media_id`, `body`, `created_at`) VALUES ('66', '66', '66', 'Molestiae minima sit labore. Deserunt animi aut laudantium totam. Laborum ducimus dicta aperiam aut sequi. Dicta et molestiae perferendis quod dolore praesentium rerum. Dolor id facere ut ad.', '1999-03-16 11:41:09');
INSERT INTO `posts` (`id`, `user_id`, `media_id`, `body`, `created_at`) VALUES ('67', '67', '67', 'Placeat optio laboriosam nesciunt ut repellendus pariatur. Omnis quidem doloremque aperiam earum voluptatum. Laborum inventore occaecati quos autem. Dolorem voluptatem quis in reiciendis dignissimos dolorem.', '1985-12-06 22:34:36');
INSERT INTO `posts` (`id`, `user_id`, `media_id`, `body`, `created_at`) VALUES ('68', '68', '68', 'Omnis sit voluptatem velit quos eaque officiis enim non. Minus quas omnis quaerat. Fugit dolorum rerum veritatis quis.', '1974-10-02 16:42:23');
INSERT INTO `posts` (`id`, `user_id`, `media_id`, `body`, `created_at`) VALUES ('69', '69', '69', 'Provident impedit velit quam possimus voluptate perspiciatis soluta. Autem non consequatur debitis aliquam eveniet unde omnis libero. Facilis modi enim cumque non possimus sequi. Et et sapiente similique placeat architecto aut.', '1993-09-03 20:00:46');
INSERT INTO `posts` (`id`, `user_id`, `media_id`, `body`, `created_at`) VALUES ('70', '70', '70', 'Hic blanditiis ipsa nihil culpa atque non. Et sint in facilis sit atque aut. Numquam molestiae est quasi officia officia.', '2009-03-01 10:24:14');
INSERT INTO `posts` (`id`, `user_id`, `media_id`, `body`, `created_at`) VALUES ('71', '71', '71', 'Vel optio vel eaque maiores commodi nostrum aperiam. Perferendis ut ipsa voluptatem quisquam atque maiores. Laudantium similique ipsam aliquam et voluptatibus soluta.', '2001-07-04 10:11:39');
INSERT INTO `posts` (`id`, `user_id`, `media_id`, `body`, `created_at`) VALUES ('72', '72', '72', 'Dolore voluptatibus dolores non tempore voluptates. Sint reprehenderit et quia. Sit dolores nihil aliquid laborum dolor nobis sequi. Ullam at possimus dicta iusto accusamus libero debitis. Tempore harum soluta doloribus velit.', '2016-07-09 22:27:06');
INSERT INTO `posts` (`id`, `user_id`, `media_id`, `body`, `created_at`) VALUES ('73', '73', '73', 'Officiis facere quia delectus exercitationem animi. At optio placeat ut aspernatur tempore velit natus asperiores. Est dolores dicta totam quis beatae aut quia. Quia voluptatem error blanditiis.', '1986-04-18 09:41:41');
INSERT INTO `posts` (`id`, `user_id`, `media_id`, `body`, `created_at`) VALUES ('74', '74', '74', 'Voluptas nam cum qui illo sed velit debitis. Sunt dolore itaque accusamus et facere modi ratione. Consectetur quis sit sed rerum voluptatem sed. Nemo fuga repellendus inventore eos ut officiis et.', '2018-07-15 08:43:33');
INSERT INTO `posts` (`id`, `user_id`, `media_id`, `body`, `created_at`) VALUES ('75', '75', '75', 'Sunt alias iusto id. Voluptatem temporibus enim enim placeat repudiandae et eos. Vero eum nam animi ut. Ratione illum nostrum laudantium est officiis consequatur veritatis explicabo.', '2019-05-01 07:31:48');
INSERT INTO `posts` (`id`, `user_id`, `media_id`, `body`, `created_at`) VALUES ('76', '76', '76', 'Eos quo sed eius. Facere qui at et ipsam ex enim omnis. Culpa aspernatur quaerat est. Labore architecto est veritatis rerum blanditiis enim quam.', '1970-11-30 13:21:05');
INSERT INTO `posts` (`id`, `user_id`, `media_id`, `body`, `created_at`) VALUES ('77', '77', '77', 'Rerum voluptates praesentium aut eius aspernatur vel. Reprehenderit praesentium dolores temporibus enim blanditiis sed. Consequatur non incidunt dolores veniam et sit explicabo natus.', '1991-01-22 23:33:47');
INSERT INTO `posts` (`id`, `user_id`, `media_id`, `body`, `created_at`) VALUES ('78', '78', '78', 'Quis voluptatem rerum ut voluptatem dignissimos itaque. Deserunt nulla voluptas iste enim itaque. Ducimus placeat odit amet pariatur ab.', '1982-07-18 13:09:34');
INSERT INTO `posts` (`id`, `user_id`, `media_id`, `body`, `created_at`) VALUES ('79', '79', '79', 'Ipsum totam veniam voluptatem. Dolorem quia voluptas fuga et. Voluptatum rem consequatur et mollitia quaerat aut deleniti. Atque repudiandae asperiores quis debitis.', '2012-06-10 19:27:27');
INSERT INTO `posts` (`id`, `user_id`, `media_id`, `body`, `created_at`) VALUES ('80', '80', '80', 'Quia inventore eum accusantium dolores quaerat aperiam. Tempora sequi dolor fugiat odit fuga. Sed beatae atque et quia eos ut et.', '2020-05-26 16:24:35');
INSERT INTO `posts` (`id`, `user_id`, `media_id`, `body`, `created_at`) VALUES ('81', '81', '81', 'Dolorum quam repellat accusamus qui. Dolor sunt exercitationem expedita sit veritatis iste eaque. Laborum sed sit assumenda maiores. Laborum omnis exercitationem est delectus.', '1989-11-03 01:53:45');
INSERT INTO `posts` (`id`, `user_id`, `media_id`, `body`, `created_at`) VALUES ('82', '82', '82', 'Non aut minima quia. Et consequatur et rerum harum quasi cumque. Et amet perferendis nemo sunt. Sunt nobis omnis consequatur aut laboriosam porro.', '1994-09-01 05:58:40');
INSERT INTO `posts` (`id`, `user_id`, `media_id`, `body`, `created_at`) VALUES ('83', '83', '83', 'Fugiat optio autem provident asperiores aperiam. Nam qui numquam ipsum. Molestiae aut quia voluptates eaque aut earum. Impedit mollitia enim qui.', '1998-04-20 21:38:15');
INSERT INTO `posts` (`id`, `user_id`, `media_id`, `body`, `created_at`) VALUES ('84', '84', '84', 'Et quis eos a saepe quae. Aliquid totam repellendus error id. Quia saepe consectetur sint exercitationem dignissimos nam.', '1987-12-24 12:55:59');
INSERT INTO `posts` (`id`, `user_id`, `media_id`, `body`, `created_at`) VALUES ('85', '85', '85', 'Labore architecto culpa in quasi non quod et illo. Quisquam eius voluptas omnis doloribus maxime voluptatem. Non esse ut tempora voluptate. Nihil est et ipsum quia.', '2017-04-15 02:39:14');
INSERT INTO `posts` (`id`, `user_id`, `media_id`, `body`, `created_at`) VALUES ('86', '86', '86', 'Esse consequatur in accusamus saepe et eligendi. Alias tempora officiis alias culpa dolor quo nam est. Et consectetur ut error accusantium ut qui hic. Ea totam non sit ab a vero quis.', '2007-05-27 08:34:18');
INSERT INTO `posts` (`id`, `user_id`, `media_id`, `body`, `created_at`) VALUES ('87', '87', '87', 'Sint numquam excepturi similique distinctio ipsa reiciendis quibusdam sint. Voluptas maiores aspernatur ab laborum commodi sed. Aperiam voluptatem esse id dolores. Eos sunt voluptas quis.', '2000-07-24 13:39:09');
INSERT INTO `posts` (`id`, `user_id`, `media_id`, `body`, `created_at`) VALUES ('88', '88', '88', 'Et et tenetur nihil ea vero sint omnis ad. Soluta delectus repudiandae pariatur. Ut quaerat consectetur sequi laboriosam. Id iste saepe odio quibusdam veritatis voluptate. Qui velit aut ut nostrum a necessitatibus.', '2013-03-07 16:15:38');
INSERT INTO `posts` (`id`, `user_id`, `media_id`, `body`, `created_at`) VALUES ('89', '89', '89', 'Necessitatibus omnis ducimus suscipit quisquam et. Et ullam dolorem architecto laborum voluptate nam dolorem. Eius accusantium adipisci et et itaque dolores. Qui et laboriosam rem qui et incidunt aspernatur.', '1991-05-11 16:15:53');
INSERT INTO `posts` (`id`, `user_id`, `media_id`, `body`, `created_at`) VALUES ('90', '90', '90', 'Aut ab quia tempore tempore provident quae. Ratione iste officiis et et quis id tenetur quis. Recusandae autem temporibus nam possimus eaque ab.', '1979-04-01 11:52:46');
INSERT INTO `posts` (`id`, `user_id`, `media_id`, `body`, `created_at`) VALUES ('91', '91', '91', 'Nesciunt eos praesentium a nihil odit enim. Ratione optio recusandae blanditiis animi aut iusto autem. Voluptas sint id commodi animi unde sed.', '2004-02-12 15:20:17');
INSERT INTO `posts` (`id`, `user_id`, `media_id`, `body`, `created_at`) VALUES ('92', '92', '92', 'Cumque provident eaque eligendi vel eos. Quos dolore voluptatem autem earum.', '2009-04-17 04:45:56');
INSERT INTO `posts` (`id`, `user_id`, `media_id`, `body`, `created_at`) VALUES ('93', '93', '93', 'Eaque sint nisi animi labore officia modi possimus. Nihil consequatur est recusandae. Et velit nisi tempore aut ea. Delectus itaque omnis optio ad aut veritatis nisi.', '1999-05-16 07:32:08');
INSERT INTO `posts` (`id`, `user_id`, `media_id`, `body`, `created_at`) VALUES ('94', '94', '94', 'Ipsam quia maiores eius. Explicabo quia sint quas voluptatem sit eos quisquam. Aut veniam ipsa consequatur debitis aut ut. Ut perferendis eveniet ducimus consequuntur.', '1973-12-01 08:27:27');
INSERT INTO `posts` (`id`, `user_id`, `media_id`, `body`, `created_at`) VALUES ('95', '95', '95', 'Architecto et impedit voluptatibus neque distinctio maxime quisquam. Id unde vero fugiat temporibus quidem et. Est quis exercitationem officiis. Nesciunt omnis nostrum dolore qui aut nostrum numquam.', '1992-10-29 04:37:06');
INSERT INTO `posts` (`id`, `user_id`, `media_id`, `body`, `created_at`) VALUES ('96', '96', '96', 'Nobis labore hic ratione necessitatibus cupiditate quasi. Assumenda sint consectetur suscipit. Nam qui blanditiis rerum ut inventore ut.', '1985-04-19 19:13:07');
INSERT INTO `posts` (`id`, `user_id`, `media_id`, `body`, `created_at`) VALUES ('97', '97', '97', 'Ratione sint tempore sit consectetur. Voluptatibus quo inventore numquam molestiae. Tenetur officiis porro accusamus doloribus est omnis et. Molestias quas et nisi delectus voluptates veniam tempore.', '2019-12-25 10:34:18');
INSERT INTO `posts` (`id`, `user_id`, `media_id`, `body`, `created_at`) VALUES ('98', '98', '98', 'Ullam officia dignissimos facilis quis fugit maiores hic. Autem nihil enim corporis molestias voluptates. Ut sapiente maiores sit. Sequi eligendi beatae incidunt voluptates.', '1977-09-20 00:52:42');
INSERT INTO `posts` (`id`, `user_id`, `media_id`, `body`, `created_at`) VALUES ('99', '99', '99', 'Consequatur sit est explicabo qui. Fugiat est est aut suscipit. Illum unde qui impedit.', '2020-02-27 22:49:12');
INSERT INTO `posts` (`id`, `user_id`, `media_id`, `body`, `created_at`) VALUES ('100', '100', '100', 'Animi cupiditate corporis excepturi ut. Tenetur dolores sed id ut distinctio et. Fuga repellat eum mollitia nisi incidunt. Nihil quis repellendus dignissimos illum aut.', '1988-07-24 05:26:16');


#
# TABLE STRUCTURE FOR: profiles
#

DROP TABLE IF EXISTS `profiles`;

CREATE TABLE `profiles` (
  `user_id` bigint(20) unsigned NOT NULL AUTO_INCREMENT,
  `gender` enum('male','female') COLLATE utf8_unicode_ci DEFAULT NULL,
  `birthday` date DEFAULT NULL,
  `photo_id` bigint(20) unsigned DEFAULT NULL,
  `created_at` datetime DEFAULT current_timestamp(),
  `hometown` varchar(100) COLLATE utf8_unicode_ci DEFAULT NULL,
  PRIMARY KEY (`user_id`),
  KEY `photo_id` (`photo_id`),
  CONSTRAINT `profiles_ibfk_1` FOREIGN KEY (`user_id`) REFERENCES `users` (`id`) ON UPDATE CASCADE,
  CONSTRAINT `profiles_ibfk_2` FOREIGN KEY (`photo_id`) REFERENCES `media` (`id`)
) ENGINE=InnoDB AUTO_INCREMENT=101 DEFAULT CHARSET=utf8 COLLATE=utf8_unicode_ci;

INSERT INTO `profiles` (`user_id`, `gender`, `birthday`, `photo_id`, `created_at`, `hometown`) VALUES ('1', 'female', '1991-10-05', '1', '1970-06-18 02:38:35', 'praesentium');
INSERT INTO `profiles` (`user_id`, `gender`, `birthday`, `photo_id`, `created_at`, `hometown`) VALUES ('2', 'female', '1972-07-27', '2', '1996-05-03 14:54:47', 'ut');
INSERT INTO `profiles` (`user_id`, `gender`, `birthday`, `photo_id`, `created_at`, `hometown`) VALUES ('3', 'male', '2007-08-01', '3', '2017-04-17 15:58:49', 'dolores');
INSERT INTO `profiles` (`user_id`, `gender`, `birthday`, `photo_id`, `created_at`, `hometown`) VALUES ('4', 'female', '1995-01-15', '4', '2000-03-07 17:52:55', 'consequatur');
INSERT INTO `profiles` (`user_id`, `gender`, `birthday`, `photo_id`, `created_at`, `hometown`) VALUES ('5', 'female', '1992-07-31', '5', '1983-04-15 23:47:42', 'amet');
INSERT INTO `profiles` (`user_id`, `gender`, `birthday`, `photo_id`, `created_at`, `hometown`) VALUES ('6', 'male', '2017-05-26', '6', '1990-02-25 16:14:44', 'tenetur');
INSERT INTO `profiles` (`user_id`, `gender`, `birthday`, `photo_id`, `created_at`, `hometown`) VALUES ('7', 'male', '1996-04-20', '7', '1971-08-11 13:50:20', 'tempore');
INSERT INTO `profiles` (`user_id`, `gender`, `birthday`, `photo_id`, `created_at`, `hometown`) VALUES ('8', 'male', '1972-12-29', '8', '1996-09-16 13:01:14', 'aut');
INSERT INTO `profiles` (`user_id`, `gender`, `birthday`, `photo_id`, `created_at`, `hometown`) VALUES ('9', 'male', '1994-10-05', '9', '2001-07-11 07:49:18', 'dicta');
INSERT INTO `profiles` (`user_id`, `gender`, `birthday`, `photo_id`, `created_at`, `hometown`) VALUES ('10', 'male', '2001-11-21', '10', '2004-09-02 03:54:13', 'quia');
INSERT INTO `profiles` (`user_id`, `gender`, `birthday`, `photo_id`, `created_at`, `hometown`) VALUES ('11', 'female', '2010-09-10', '11', '1972-08-11 14:52:46', 'id');
INSERT INTO `profiles` (`user_id`, `gender`, `birthday`, `photo_id`, `created_at`, `hometown`) VALUES ('12', 'male', '2000-09-26', '12', '1984-01-01 16:32:48', 'voluptatem');
INSERT INTO `profiles` (`user_id`, `gender`, `birthday`, `photo_id`, `created_at`, `hometown`) VALUES ('13', 'female', '1970-04-02', '13', '1986-03-29 03:44:26', 'debitis');
INSERT INTO `profiles` (`user_id`, `gender`, `birthday`, `photo_id`, `created_at`, `hometown`) VALUES ('14', 'female', '2016-05-20', '14', '2016-05-04 04:25:50', 'rerum');
INSERT INTO `profiles` (`user_id`, `gender`, `birthday`, `photo_id`, `created_at`, `hometown`) VALUES ('15', 'female', '1971-10-25', '15', '2010-02-16 17:21:13', 'possimus');
INSERT INTO `profiles` (`user_id`, `gender`, `birthday`, `photo_id`, `created_at`, `hometown`) VALUES ('16', 'female', '1993-11-09', '16', '1999-06-21 10:03:58', 'est');
INSERT INTO `profiles` (`user_id`, `gender`, `birthday`, `photo_id`, `created_at`, `hometown`) VALUES ('17', 'male', '2017-11-08', '17', '1998-10-17 07:53:40', 'dignissimos');
INSERT INTO `profiles` (`user_id`, `gender`, `birthday`, `photo_id`, `created_at`, `hometown`) VALUES ('18', 'male', '1982-11-21', '18', '2009-06-14 23:08:00', 'ut');
INSERT INTO `profiles` (`user_id`, `gender`, `birthday`, `photo_id`, `created_at`, `hometown`) VALUES ('19', 'female', '1982-07-25', '19', '1991-12-08 07:34:51', 'cupiditate');
INSERT INTO `profiles` (`user_id`, `gender`, `birthday`, `photo_id`, `created_at`, `hometown`) VALUES ('20', 'female', '1998-04-28', '20', '2016-03-04 16:37:38', 'modi');
INSERT INTO `profiles` (`user_id`, `gender`, `birthday`, `photo_id`, `created_at`, `hometown`) VALUES ('21', 'female', '2005-04-23', '21', '1993-04-24 11:04:17', 'aliquid');
INSERT INTO `profiles` (`user_id`, `gender`, `birthday`, `photo_id`, `created_at`, `hometown`) VALUES ('22', 'male', '2019-09-12', '22', '1990-05-05 04:29:52', 'non');
INSERT INTO `profiles` (`user_id`, `gender`, `birthday`, `photo_id`, `created_at`, `hometown`) VALUES ('23', 'female', '2011-06-24', '23', '2004-09-19 17:45:52', 'provident');
INSERT INTO `profiles` (`user_id`, `gender`, `birthday`, `photo_id`, `created_at`, `hometown`) VALUES ('24', 'male', '2009-04-06', '24', '1999-01-23 12:02:19', 'omnis');
INSERT INTO `profiles` (`user_id`, `gender`, `birthday`, `photo_id`, `created_at`, `hometown`) VALUES ('25', 'male', '1984-07-01', '25', '2009-12-06 18:52:48', 'explicabo');
INSERT INTO `profiles` (`user_id`, `gender`, `birthday`, `photo_id`, `created_at`, `hometown`) VALUES ('26', 'male', '1978-07-19', '26', '1989-09-10 01:35:02', 'aperiam');
INSERT INTO `profiles` (`user_id`, `gender`, `birthday`, `photo_id`, `created_at`, `hometown`) VALUES ('27', 'male', '2002-05-28', '27', '1992-09-09 06:04:24', 'qui');
INSERT INTO `profiles` (`user_id`, `gender`, `birthday`, `photo_id`, `created_at`, `hometown`) VALUES ('28', 'female', '1988-04-14', '28', '1984-12-28 17:00:18', 'id');
INSERT INTO `profiles` (`user_id`, `gender`, `birthday`, `photo_id`, `created_at`, `hometown`) VALUES ('29', 'female', '1975-11-24', '29', '1974-11-24 23:08:57', 'enim');
INSERT INTO `profiles` (`user_id`, `gender`, `birthday`, `photo_id`, `created_at`, `hometown`) VALUES ('30', 'male', '1974-04-11', '30', '1973-09-24 06:20:33', 'veniam');
INSERT INTO `profiles` (`user_id`, `gender`, `birthday`, `photo_id`, `created_at`, `hometown`) VALUES ('31', 'female', '2009-11-03', '31', '2003-07-04 14:17:21', 'nihil');
INSERT INTO `profiles` (`user_id`, `gender`, `birthday`, `photo_id`, `created_at`, `hometown`) VALUES ('32', 'male', '1988-05-29', '32', '1997-08-13 13:34:18', 'adipisci');
INSERT INTO `profiles` (`user_id`, `gender`, `birthday`, `photo_id`, `created_at`, `hometown`) VALUES ('33', 'female', '2008-12-10', '33', '1991-05-01 11:59:20', 'nostrum');
INSERT INTO `profiles` (`user_id`, `gender`, `birthday`, `photo_id`, `created_at`, `hometown`) VALUES ('34', 'male', '1992-01-27', '34', '1999-08-17 22:54:08', 'quisquam');
INSERT INTO `profiles` (`user_id`, `gender`, `birthday`, `photo_id`, `created_at`, `hometown`) VALUES ('35', 'female', '2018-03-05', '35', '1987-07-12 04:23:28', 'assumenda');
INSERT INTO `profiles` (`user_id`, `gender`, `birthday`, `photo_id`, `created_at`, `hometown`) VALUES ('36', 'male', '2002-11-27', '36', '1973-06-23 05:27:14', 'eum');
INSERT INTO `profiles` (`user_id`, `gender`, `birthday`, `photo_id`, `created_at`, `hometown`) VALUES ('37', 'male', '1993-09-21', '37', '2003-04-28 10:23:36', 'in');
INSERT INTO `profiles` (`user_id`, `gender`, `birthday`, `photo_id`, `created_at`, `hometown`) VALUES ('38', 'female', '2017-07-12', '38', '1973-08-03 22:43:10', 'beatae');
INSERT INTO `profiles` (`user_id`, `gender`, `birthday`, `photo_id`, `created_at`, `hometown`) VALUES ('39', 'male', '1971-01-07', '39', '2019-11-12 21:29:42', 'aut');
INSERT INTO `profiles` (`user_id`, `gender`, `birthday`, `photo_id`, `created_at`, `hometown`) VALUES ('40', 'male', '1977-10-06', '40', '1982-11-06 17:02:06', 'beatae');
INSERT INTO `profiles` (`user_id`, `gender`, `birthday`, `photo_id`, `created_at`, `hometown`) VALUES ('41', 'female', '2012-03-03', '41', '1999-10-08 10:32:25', 'consequatur');
INSERT INTO `profiles` (`user_id`, `gender`, `birthday`, `photo_id`, `created_at`, `hometown`) VALUES ('42', 'female', '1982-12-15', '42', '2011-10-27 21:59:09', 'molestiae');
INSERT INTO `profiles` (`user_id`, `gender`, `birthday`, `photo_id`, `created_at`, `hometown`) VALUES ('43', 'male', '1994-03-02', '43', '2016-09-21 11:21:55', 'consectetur');
INSERT INTO `profiles` (`user_id`, `gender`, `birthday`, `photo_id`, `created_at`, `hometown`) VALUES ('44', 'male', '1973-08-09', '44', '1975-09-08 21:58:58', 'aut');
INSERT INTO `profiles` (`user_id`, `gender`, `birthday`, `photo_id`, `created_at`, `hometown`) VALUES ('45', 'female', '1975-08-08', '45', '2014-06-05 02:21:05', 'magni');
INSERT INTO `profiles` (`user_id`, `gender`, `birthday`, `photo_id`, `created_at`, `hometown`) VALUES ('46', 'male', '1975-07-24', '46', '2010-06-22 16:16:31', 'voluptate');
INSERT INTO `profiles` (`user_id`, `gender`, `birthday`, `photo_id`, `created_at`, `hometown`) VALUES ('47', 'male', '1998-10-10', '47', '2017-12-29 06:49:12', 'ut');
INSERT INTO `profiles` (`user_id`, `gender`, `birthday`, `photo_id`, `created_at`, `hometown`) VALUES ('48', 'female', '1980-05-30', '48', '1990-06-14 01:22:39', 'est');
INSERT INTO `profiles` (`user_id`, `gender`, `birthday`, `photo_id`, `created_at`, `hometown`) VALUES ('49', 'female', '2015-12-24', '49', '2018-05-30 14:58:18', 'excepturi');
INSERT INTO `profiles` (`user_id`, `gender`, `birthday`, `photo_id`, `created_at`, `hometown`) VALUES ('50', 'male', '1982-09-06', '50', '2000-09-19 03:26:01', 'ut');
INSERT INTO `profiles` (`user_id`, `gender`, `birthday`, `photo_id`, `created_at`, `hometown`) VALUES ('51', 'female', '1970-01-28', '51', '1971-03-10 18:57:19', 'exercitationem');
INSERT INTO `profiles` (`user_id`, `gender`, `birthday`, `photo_id`, `created_at`, `hometown`) VALUES ('52', 'male', '1997-09-21', '52', '2002-06-07 06:09:24', 'id');
INSERT INTO `profiles` (`user_id`, `gender`, `birthday`, `photo_id`, `created_at`, `hometown`) VALUES ('53', 'female', '2004-12-02', '53', '2007-11-08 15:54:56', 'deserunt');
INSERT INTO `profiles` (`user_id`, `gender`, `birthday`, `photo_id`, `created_at`, `hometown`) VALUES ('54', 'female', '2001-05-27', '54', '1978-05-17 01:15:10', 'voluptatem');
INSERT INTO `profiles` (`user_id`, `gender`, `birthday`, `photo_id`, `created_at`, `hometown`) VALUES ('55', 'male', '1982-02-04', '55', '1971-08-25 06:10:25', 'qui');
INSERT INTO `profiles` (`user_id`, `gender`, `birthday`, `photo_id`, `created_at`, `hometown`) VALUES ('56', 'male', '1980-01-21', '56', '1998-01-29 21:24:46', 'quos');
INSERT INTO `profiles` (`user_id`, `gender`, `birthday`, `photo_id`, `created_at`, `hometown`) VALUES ('57', 'male', '2018-08-23', '57', '1993-09-21 04:36:18', 'et');
INSERT INTO `profiles` (`user_id`, `gender`, `birthday`, `photo_id`, `created_at`, `hometown`) VALUES ('58', 'female', '1975-11-21', '58', '2019-02-10 21:19:42', 'repudiandae');
INSERT INTO `profiles` (`user_id`, `gender`, `birthday`, `photo_id`, `created_at`, `hometown`) VALUES ('59', 'male', '2017-09-03', '59', '1992-03-29 11:04:16', 'similique');
INSERT INTO `profiles` (`user_id`, `gender`, `birthday`, `photo_id`, `created_at`, `hometown`) VALUES ('60', 'female', '2015-01-30', '60', '1973-09-23 06:36:54', 'adipisci');
INSERT INTO `profiles` (`user_id`, `gender`, `birthday`, `photo_id`, `created_at`, `hometown`) VALUES ('61', 'female', '1973-10-15', '61', '2016-01-06 01:02:10', 'cum');
INSERT INTO `profiles` (`user_id`, `gender`, `birthday`, `photo_id`, `created_at`, `hometown`) VALUES ('62', 'female', '2016-04-06', '62', '1981-08-28 06:33:35', 'qui');
INSERT INTO `profiles` (`user_id`, `gender`, `birthday`, `photo_id`, `created_at`, `hometown`) VALUES ('63', 'female', '1986-07-31', '63', '1987-08-15 11:22:56', 'quod');
INSERT INTO `profiles` (`user_id`, `gender`, `birthday`, `photo_id`, `created_at`, `hometown`) VALUES ('64', 'female', '1987-09-28', '64', '2014-12-12 13:10:38', 'aut');
INSERT INTO `profiles` (`user_id`, `gender`, `birthday`, `photo_id`, `created_at`, `hometown`) VALUES ('65', 'male', '2017-12-01', '65', '1972-04-05 04:59:07', 'reprehenderit');
INSERT INTO `profiles` (`user_id`, `gender`, `birthday`, `photo_id`, `created_at`, `hometown`) VALUES ('66', 'female', '1986-04-18', '66', '1986-12-31 18:47:18', 'tempore');
INSERT INTO `profiles` (`user_id`, `gender`, `birthday`, `photo_id`, `created_at`, `hometown`) VALUES ('67', 'male', '2008-07-29', '67', '2005-01-13 18:32:58', 'nobis');
INSERT INTO `profiles` (`user_id`, `gender`, `birthday`, `photo_id`, `created_at`, `hometown`) VALUES ('68', 'female', '2009-10-09', '68', '2010-06-25 21:49:51', 'in');
INSERT INTO `profiles` (`user_id`, `gender`, `birthday`, `photo_id`, `created_at`, `hometown`) VALUES ('69', 'female', '1998-05-17', '69', '1996-04-13 03:39:07', 'distinctio');
INSERT INTO `profiles` (`user_id`, `gender`, `birthday`, `photo_id`, `created_at`, `hometown`) VALUES ('70', 'female', '1992-01-14', '70', '2014-03-25 20:32:56', 'accusantium');
INSERT INTO `profiles` (`user_id`, `gender`, `birthday`, `photo_id`, `created_at`, `hometown`) VALUES ('71', 'female', '1972-04-16', '71', '1982-09-16 11:03:45', 'iusto');
INSERT INTO `profiles` (`user_id`, `gender`, `birthday`, `photo_id`, `created_at`, `hometown`) VALUES ('72', 'female', '2014-02-18', '72', '2003-09-19 10:14:34', 'aspernatur');
INSERT INTO `profiles` (`user_id`, `gender`, `birthday`, `photo_id`, `created_at`, `hometown`) VALUES ('73', 'female', '1985-08-01', '73', '2018-11-03 05:45:44', 'omnis');
INSERT INTO `profiles` (`user_id`, `gender`, `birthday`, `photo_id`, `created_at`, `hometown`) VALUES ('74', 'male', '1995-09-13', '74', '2013-12-01 21:27:19', 'ipsum');
INSERT INTO `profiles` (`user_id`, `gender`, `birthday`, `photo_id`, `created_at`, `hometown`) VALUES ('75', 'female', '2004-05-28', '75', '1973-03-08 00:14:24', 'eligendi');
INSERT INTO `profiles` (`user_id`, `gender`, `birthday`, `photo_id`, `created_at`, `hometown`) VALUES ('76', 'female', '1972-05-12', '76', '2003-08-10 00:17:09', 'minus');
INSERT INTO `profiles` (`user_id`, `gender`, `birthday`, `photo_id`, `created_at`, `hometown`) VALUES ('77', 'male', '1971-05-01', '77', '2011-10-15 11:00:31', 'omnis');
INSERT INTO `profiles` (`user_id`, `gender`, `birthday`, `photo_id`, `created_at`, `hometown`) VALUES ('78', 'female', '2009-02-12', '78', '1984-09-21 02:32:02', 'id');
INSERT INTO `profiles` (`user_id`, `gender`, `birthday`, `photo_id`, `created_at`, `hometown`) VALUES ('79', 'male', '1997-06-23', '79', '2015-04-09 12:38:25', 'deleniti');
INSERT INTO `profiles` (`user_id`, `gender`, `birthday`, `photo_id`, `created_at`, `hometown`) VALUES ('80', 'female', '2011-01-11', '80', '2001-06-15 15:02:35', 'omnis');
INSERT INTO `profiles` (`user_id`, `gender`, `birthday`, `photo_id`, `created_at`, `hometown`) VALUES ('81', 'male', '1971-05-29', '81', '1993-01-28 13:30:39', 'sit');
INSERT INTO `profiles` (`user_id`, `gender`, `birthday`, `photo_id`, `created_at`, `hometown`) VALUES ('82', 'male', '2018-06-26', '82', '2006-10-28 17:54:09', 'aut');
INSERT INTO `profiles` (`user_id`, `gender`, `birthday`, `photo_id`, `created_at`, `hometown`) VALUES ('83', 'male', '1990-06-04', '83', '2008-01-23 23:52:30', 'fugit');
INSERT INTO `profiles` (`user_id`, `gender`, `birthday`, `photo_id`, `created_at`, `hometown`) VALUES ('84', 'female', '1971-05-27', '84', '1972-07-17 00:51:00', 'vel');
INSERT INTO `profiles` (`user_id`, `gender`, `birthday`, `photo_id`, `created_at`, `hometown`) VALUES ('85', 'male', '1990-07-21', '85', '2019-11-15 13:20:21', 'impedit');
INSERT INTO `profiles` (`user_id`, `gender`, `birthday`, `photo_id`, `created_at`, `hometown`) VALUES ('86', 'male', '2015-09-10', '86', '1987-07-07 00:58:57', 'sint');
INSERT INTO `profiles` (`user_id`, `gender`, `birthday`, `photo_id`, `created_at`, `hometown`) VALUES ('87', 'female', '2018-11-19', '87', '1979-03-28 10:22:24', 'dolores');
INSERT INTO `profiles` (`user_id`, `gender`, `birthday`, `photo_id`, `created_at`, `hometown`) VALUES ('88', 'female', '1990-11-21', '88', '2000-02-23 00:22:28', 'corporis');
INSERT INTO `profiles` (`user_id`, `gender`, `birthday`, `photo_id`, `created_at`, `hometown`) VALUES ('89', 'female', '1973-08-06', '89', '2012-03-22 20:33:17', 'nostrum');
INSERT INTO `profiles` (`user_id`, `gender`, `birthday`, `photo_id`, `created_at`, `hometown`) VALUES ('90', 'female', '1993-10-30', '90', '1979-04-03 08:54:20', 'iusto');
INSERT INTO `profiles` (`user_id`, `gender`, `birthday`, `photo_id`, `created_at`, `hometown`) VALUES ('91', 'male', '1973-10-31', '91', '1980-09-19 21:26:04', 'qui');
INSERT INTO `profiles` (`user_id`, `gender`, `birthday`, `photo_id`, `created_at`, `hometown`) VALUES ('92', 'female', '1988-08-23', '92', '2016-02-16 05:49:40', 'in');
INSERT INTO `profiles` (`user_id`, `gender`, `birthday`, `photo_id`, `created_at`, `hometown`) VALUES ('93', 'male', '1998-04-04', '93', '1990-02-22 06:04:51', 'et');
INSERT INTO `profiles` (`user_id`, `gender`, `birthday`, `photo_id`, `created_at`, `hometown`) VALUES ('94', 'female', '2005-12-07', '94', '2004-12-05 12:59:35', 'doloremque');
INSERT INTO `profiles` (`user_id`, `gender`, `birthday`, `photo_id`, `created_at`, `hometown`) VALUES ('95', 'female', '2019-09-06', '95', '2005-10-05 09:41:42', 'qui');
INSERT INTO `profiles` (`user_id`, `gender`, `birthday`, `photo_id`, `created_at`, `hometown`) VALUES ('96', 'female', '2016-02-26', '96', '1988-12-29 03:29:08', 'asperiores');
INSERT INTO `profiles` (`user_id`, `gender`, `birthday`, `photo_id`, `created_at`, `hometown`) VALUES ('97', 'male', '1987-03-05', '97', '1971-01-02 17:04:47', 'magnam');
INSERT INTO `profiles` (`user_id`, `gender`, `birthday`, `photo_id`, `created_at`, `hometown`) VALUES ('98', 'male', '2019-07-11', '98', '1990-01-12 00:43:10', 'at');
INSERT INTO `profiles` (`user_id`, `gender`, `birthday`, `photo_id`, `created_at`, `hometown`) VALUES ('99', 'male', '1982-10-25', '99', '2005-11-23 04:38:54', 'hic');
INSERT INTO `profiles` (`user_id`, `gender`, `birthday`, `photo_id`, `created_at`, `hometown`) VALUES ('100', 'male', '2013-06-28', '100', '2002-08-04 08:02:37', 'dolores');


#
# TABLE STRUCTURE FOR: users_communities
#

CREATE TABLE if not exists `users_communities` (
  `user_id` bigint(20) unsigned NOT NULL,
  `community_id` bigint(20) unsigned NOT NULL,
  PRIMARY KEY (`user_id`,`community_id`),
  KEY `community_id` (`community_id`),
  CONSTRAINT `users_communities_ibfk_1` FOREIGN KEY (`user_id`) REFERENCES `users` (`id`),
  CONSTRAINT `users_communities_ibfk_2` FOREIGN KEY (`community_id`) REFERENCES `communities` (`id`)
) ENGINE=InnoDB DEFAULT CHARSET=utf8 COLLATE=utf8_unicode_ci;

INSERT INTO `users_communities` (`user_id`, `community_id`) VALUES ('1', '1');
INSERT INTO `users_communities` (`user_id`, `community_id`) VALUES ('2', '2');
INSERT INTO `users_communities` (`user_id`, `community_id`) VALUES ('3', '3');
INSERT INTO `users_communities` (`user_id`, `community_id`) VALUES ('4', '4');
INSERT INTO `users_communities` (`user_id`, `community_id`) VALUES ('5', '5');
INSERT INTO `users_communities` (`user_id`, `community_id`) VALUES ('6', '6');
INSERT INTO `users_communities` (`user_id`, `community_id`) VALUES ('7', '7');
INSERT INTO `users_communities` (`user_id`, `community_id`) VALUES ('8', '8');
INSERT INTO `users_communities` (`user_id`, `community_id`) VALUES ('9', '9');
INSERT INTO `users_communities` (`user_id`, `community_id`) VALUES ('10', '10');
INSERT INTO `users_communities` (`user_id`, `community_id`) VALUES ('11', '11');
INSERT INTO `users_communities` (`user_id`, `community_id`) VALUES ('12', '12');
INSERT INTO `users_communities` (`user_id`, `community_id`) VALUES ('13', '13');
INSERT INTO `users_communities` (`user_id`, `community_id`) VALUES ('14', '14');
INSERT INTO `users_communities` (`user_id`, `community_id`) VALUES ('15', '15');
INSERT INTO `users_communities` (`user_id`, `community_id`) VALUES ('16', '16');
INSERT INTO `users_communities` (`user_id`, `community_id`) VALUES ('17', '17');
INSERT INTO `users_communities` (`user_id`, `community_id`) VALUES ('18', '18');
INSERT INTO `users_communities` (`user_id`, `community_id`) VALUES ('19', '19');
INSERT INTO `users_communities` (`user_id`, `community_id`) VALUES ('20', '20');
INSERT INTO `users_communities` (`user_id`, `community_id`) VALUES ('21', '21');
INSERT INTO `users_communities` (`user_id`, `community_id`) VALUES ('22', '22');
INSERT INTO `users_communities` (`user_id`, `community_id`) VALUES ('23', '23');
INSERT INTO `users_communities` (`user_id`, `community_id`) VALUES ('24', '24');
INSERT INTO `users_communities` (`user_id`, `community_id`) VALUES ('25', '25');
INSERT INTO `users_communities` (`user_id`, `community_id`) VALUES ('26', '26');
INSERT INTO `users_communities` (`user_id`, `community_id`) VALUES ('27', '27');
INSERT INTO `users_communities` (`user_id`, `community_id`) VALUES ('28', '28');
INSERT INTO `users_communities` (`user_id`, `community_id`) VALUES ('29', '29');
INSERT INTO `users_communities` (`user_id`, `community_id`) VALUES ('30', '30');
INSERT INTO `users_communities` (`user_id`, `community_id`) VALUES ('31', '31');
INSERT INTO `users_communities` (`user_id`, `community_id`) VALUES ('32', '32');
INSERT INTO `users_communities` (`user_id`, `community_id`) VALUES ('33', '33');
INSERT INTO `users_communities` (`user_id`, `community_id`) VALUES ('34', '34');
INSERT INTO `users_communities` (`user_id`, `community_id`) VALUES ('35', '35');
INSERT INTO `users_communities` (`user_id`, `community_id`) VALUES ('36', '36');
INSERT INTO `users_communities` (`user_id`, `community_id`) VALUES ('37', '37');
INSERT INTO `users_communities` (`user_id`, `community_id`) VALUES ('38', '38');
INSERT INTO `users_communities` (`user_id`, `community_id`) VALUES ('39', '39');
INSERT INTO `users_communities` (`user_id`, `community_id`) VALUES ('40', '40');
INSERT INTO `users_communities` (`user_id`, `community_id`) VALUES ('41', '41');
INSERT INTO `users_communities` (`user_id`, `community_id`) VALUES ('42', '42');
INSERT INTO `users_communities` (`user_id`, `community_id`) VALUES ('43', '43');
INSERT INTO `users_communities` (`user_id`, `community_id`) VALUES ('44', '44');
INSERT INTO `users_communities` (`user_id`, `community_id`) VALUES ('45', '45');
INSERT INTO `users_communities` (`user_id`, `community_id`) VALUES ('46', '46');
INSERT INTO `users_communities` (`user_id`, `community_id`) VALUES ('47', '47');
INSERT INTO `users_communities` (`user_id`, `community_id`) VALUES ('48', '48');
INSERT INTO `users_communities` (`user_id`, `community_id`) VALUES ('49', '49');
INSERT INTO `users_communities` (`user_id`, `community_id`) VALUES ('50', '50');
INSERT INTO `users_communities` (`user_id`, `community_id`) VALUES ('51', '51');
INSERT INTO `users_communities` (`user_id`, `community_id`) VALUES ('52', '52');
INSERT INTO `users_communities` (`user_id`, `community_id`) VALUES ('53', '53');
INSERT INTO `users_communities` (`user_id`, `community_id`) VALUES ('54', '54');
INSERT INTO `users_communities` (`user_id`, `community_id`) VALUES ('55', '55');
INSERT INTO `users_communities` (`user_id`, `community_id`) VALUES ('56', '56');
INSERT INTO `users_communities` (`user_id`, `community_id`) VALUES ('57', '57');
INSERT INTO `users_communities` (`user_id`, `community_id`) VALUES ('58', '58');
INSERT INTO `users_communities` (`user_id`, `community_id`) VALUES ('59', '59');
INSERT INTO `users_communities` (`user_id`, `community_id`) VALUES ('60', '60');
INSERT INTO `users_communities` (`user_id`, `community_id`) VALUES ('61', '61');
INSERT INTO `users_communities` (`user_id`, `community_id`) VALUES ('62', '62');
INSERT INTO `users_communities` (`user_id`, `community_id`) VALUES ('63', '63');
INSERT INTO `users_communities` (`user_id`, `community_id`) VALUES ('64', '64');
INSERT INTO `users_communities` (`user_id`, `community_id`) VALUES ('65', '65');
INSERT INTO `users_communities` (`user_id`, `community_id`) VALUES ('66', '66');
INSERT INTO `users_communities` (`user_id`, `community_id`) VALUES ('67', '67');
INSERT INTO `users_communities` (`user_id`, `community_id`) VALUES ('68', '68');
INSERT INTO `users_communities` (`user_id`, `community_id`) VALUES ('69', '69');
INSERT INTO `users_communities` (`user_id`, `community_id`) VALUES ('70', '70');
INSERT INTO `users_communities` (`user_id`, `community_id`) VALUES ('71', '71');
INSERT INTO `users_communities` (`user_id`, `community_id`) VALUES ('72', '72');
INSERT INTO `users_communities` (`user_id`, `community_id`) VALUES ('73', '73');
INSERT INTO `users_communities` (`user_id`, `community_id`) VALUES ('74', '74');
INSERT INTO `users_communities` (`user_id`, `community_id`) VALUES ('75', '75');
INSERT INTO `users_communities` (`user_id`, `community_id`) VALUES ('76', '76');
INSERT INTO `users_communities` (`user_id`, `community_id`) VALUES ('77', '77');
INSERT INTO `users_communities` (`user_id`, `community_id`) VALUES ('78', '78');
INSERT INTO `users_communities` (`user_id`, `community_id`) VALUES ('79', '79');
INSERT INTO `users_communities` (`user_id`, `community_id`) VALUES ('80', '80');
INSERT INTO `users_communities` (`user_id`, `community_id`) VALUES ('81', '81');
INSERT INTO `users_communities` (`user_id`, `community_id`) VALUES ('82', '82');
INSERT INTO `users_communities` (`user_id`, `community_id`) VALUES ('83', '83');
INSERT INTO `users_communities` (`user_id`, `community_id`) VALUES ('84', '84');
INSERT INTO `users_communities` (`user_id`, `community_id`) VALUES ('85', '85');
INSERT INTO `users_communities` (`user_id`, `community_id`) VALUES ('86', '86');
INSERT INTO `users_communities` (`user_id`, `community_id`) VALUES ('87', '87');
INSERT INTO `users_communities` (`user_id`, `community_id`) VALUES ('88', '88');
INSERT INTO `users_communities` (`user_id`, `community_id`) VALUES ('89', '89');
INSERT INTO `users_communities` (`user_id`, `community_id`) VALUES ('90', '90');
INSERT INTO `users_communities` (`user_id`, `community_id`) VALUES ('91', '91');
INSERT INTO `users_communities` (`user_id`, `community_id`) VALUES ('92', '92');
INSERT INTO `users_communities` (`user_id`, `community_id`) VALUES ('93', '93');
INSERT INTO `users_communities` (`user_id`, `community_id`) VALUES ('94', '94');
INSERT INTO `users_communities` (`user_id`, `community_id`) VALUES ('95', '95');
INSERT INTO `users_communities` (`user_id`, `community_id`) VALUES ('96', '96');
INSERT INTO `users_communities` (`user_id`, `community_id`) VALUES ('97', '97');
INSERT INTO `users_communities` (`user_id`, `community_id`) VALUES ('98', '98');
INSERT INTO `users_communities` (`user_id`, `community_id`) VALUES ('99', '99');
INSERT INTO `users_communities` (`user_id`, `community_id`) VALUES ('100', '100');